Function Name,Exclusive Samples,Exclusive Samples %,Instruction Address,Source Line Begin,Source Character Begin,Source Line End,Source Character End,
"@JIT_ChkCastInterface@8",1,0.00,0x5B2C3193,"2,472",0,"2,472",0,
"@JIT_ChkCastInterface@8",1,0.00,0x5B2C319E,"2,484",0,"2,484",0,
"@JIT_IsInstanceOfClass@8",30,0.13,0x5B2DE832,212,0,212,0,
"@JIT_IsInstanceOfClass@8",15,0.06,0x5B2DE83C,254,0,254,0,
"@JIT_IsInstanceOfClass@8",63,0.26,0x5B2DE83F,255,0,255,0,
"@JIT_IsInstanceOfClass@8",33,0.14,0x5B2DE843,259,0,259,0,
"@JIT_IsInstanceOfClass@8",29,0.12,0x5B2DE847,264,0,264,0,
"@JIT_IsInstanceOfInterface@8",33,0.14,0x5B2C3130,"2,375",0,"2,375",0,
"@JIT_IsInstanceOfInterface@8",36,0.15,0x5B2C3138,"2,383",0,"2,383",0,
"@JIT_IsInstanceOfInterface@8",30,0.13,0x5B2C313C,"2,384",0,"2,384",0,
"@JIT_IsInstanceOfInterface@8",19,0.08,0x5B2C3140,"2,389",0,"2,389",0,
"@JIT_IsInstanceOfInterface@8",27,0.11,0x5B2C3143,"2,390",0,"2,390",0,
"@JIT_IsInstanceOfInterface@8",29,0.12,0x5B2C3146,"2,393",0,"2,393",0,
"@JIT_IsInstanceOfInterface@8",276,1.15,0x5B2C314E,"2,402",0,"2,402",0,
"@JIT_IsInstanceOfInterface@8",137,0.57,0x5B2C3150,"2,403",0,"2,403",0,
"@JIT_IsInstanceOfInterface@8",39,0.16,0x5B2C3158,"2,407",0,"2,407",0,
"@JIT_IsInstanceOfInterface@8",164,0.68,0x5B2C315C,"2,414",0,"2,414",0,
"@JIT_IsInstanceOfInterface@8",1,0.00,0x5B2C315F,"2,415",0,"2,415",0,
"@JIT_IsInstanceOfInterface@8",21,0.09,0x5B2C3162,"2,421",0,"2,421",0,
"@JIT_IsInstanceOfInterface@8",7,0.03,0x5B2C3163,"2,422",0,"2,422",0,
"@JIT_IsInstanceOfInterface@8",29,0.12,0x5B2C316C,"2,425",0,"2,425",0,
"@JIT_Stelem_Ref@12",1,0.00,0x5B2DE7FF,115,0,115,0,
"@JIT_Stelem_Ref@12",1,0.00,0x5B2DE80D,140,0,140,0,
"@JIT_Stelem_Ref@12",1,0.00,0x5B2DE82F,149,0,149,0,
"__EH_epilog3",1,0.00,0x5B2C174B,544,0,544,0,
"_JIT_WriteBarrierEAX@0",5,0.02,0x5B2C2FB0,"2,298",0,"2,298",0,
"_JIT_WriteBarrierEAX@0",1,0.00,0x5B2C2FBA,"2,298",0,"2,298",0,
"_JIT_WriteBarrierEAX@0",1,0.00,0x5B2C2FBD,"2,298",0,"2,298",0,
"_JIT_WriteBarrierEAX@0",2,0.01,0x5B2C2FBE,"2,298",0,"2,298",0,
"_JIT_WriteBarrierEAX@0",3,0.01,0x5B2C2FC7,"2,298",0,"2,298",0,
"_JIT_WriteBarrierEBX@0",2,0.01,0x5B2C2FE2,"2,299",0,"2,299",0,
"_JIT_WriteBarrierEDI@0",1,0.00,0x5B2C3085,"2,302",0,"2,302",0,
"_JIT_WriteBarrierEDI@0",1,0.00,0x5B2C3091,"2,302",0,"2,302",0,
"_ResolveWorkerAsmStub@0",1,0.00,0x5B2E5C43,679,0,679,0,
"BingAnswers.BasePage.<GetAnswers>b__d(class System.Threading.Thread)",94,0.39,0x0D78C8F0,144,44,144,58,
"BingAnswers.BasePage.<GetAnswers>b__d(class System.Threading.Thread)",41,0.17,0x0D78C8F6,144,44,144,58,
"BingAnswers.BasePage.<GetAnswers>b__d(class System.Threading.Thread)",40,0.17,0x0D78C907,144,44,144,58,
"BingAnswers.BasePage.<GetAnswers>b__d(class System.Threading.Thread)",3,0.01,0x0D78C911,144,44,144,58,
"BingAnswers.BasePage.<GetAnswers>b__d(class System.Threading.Thread)",9,0.04,0x0D78C913,144,44,144,58,
"BingAnswers.BasePage.<GetAnswers>b__d(class System.Threading.Thread)",48,0.20,0x0D78C919,144,44,144,58,
"BingAnswers.BasePage.<GetAnswers>b__d(class System.Threading.Thread)",12,0.05,0x0D78C91C,144,44,144,58,
"BingAnswers.BasePage.<GetAnswers>b__d(class System.Threading.Thread)",18,0.08,0x0D78C920,144,44,144,58,
"BingAnswers.BasePage.<GetAnswers>b__d(class System.Threading.Thread)",7,0.03,0x0D78C923,144,44,144,58,
"BingAnswers.BasePage.<GetAnswers>b__d(class System.Threading.Thread)",34,0.14,0x0D78C924,144,44,144,58,
"BingAnswers.BasePage.<GetAnswers>b__d(class System.Threading.Thread)",47,0.20,0x0D78C926,144,44,144,58,
"BingAnswers.BasePage.<GetAnswers>b__d(class System.Threading.Thread)",30,0.13,0x0D78C929,144,44,144,58,
"BingAnswers.BasePage.<GetAnswers>b__d(class System.Threading.Thread)",36,0.15,0x0D78C92C,144,44,144,58,
"BingAnswers.BasePage.GetAnswers(string)",1,0.00,0x0D782EF2,144,13,144,84,
"BingAnswers.BasePage.GetAnswers(string)",4,0.02,0x0D782F02,144,13,144,84,
"BingAnswers.BasePage.GetAnswers(string)",2,0.01,0x0D782F45,144,13,144,84,
"BingAnswers.BasePage.GetAnswers(string)",20,0.08,0x0D782F59,144,13,144,84,
"BingAnswers.BasePage.GetAnswers(string)",7,0.03,0x0D782F6A,144,13,144,84,
"BingAnswers.BasePage.GetAnswers(string)",11,0.05,0x0D782F6D,144,13,144,84,
"BingAnswers.BasePage.GetAnswers(string)",4,0.02,0x0D782F71,144,13,144,84,
"BingAnswers.BasePage.GetAnswers(string)",4,0.02,0x0D782F73,144,13,144,84,
"BingAnswers.BasePage.GetAnswers(string)",1,0.00,0x0D782F74,144,13,144,84,
"BingAnswers.BasePage.GetAnswers(string)",2,0.01,0x0D782F7E,144,13,144,84,
"BingAnswers.BasePage.GetAnswers(string)",2,0.01,0x0D782F81,144,13,144,84,
"BingAnswers.BasePage.GetAnswers(string)",5,0.02,0x0D782F84,144,13,144,84,
"BingAnswers.BasePage.GetAnswers(string)",8,0.03,0x0D782F87,144,13,144,84,
"BingAnswers.BasePage.GetAnswers(string)",1,0.00,0x0D782F8E,144,13,144,84,
"BingAnswers.BasePage.GetAnswers(string)",12,0.05,0x0D782F92,144,13,144,84,
"BingAnswers.BasePage.GetAnswers(string)",6,0.03,0x0D782F95,144,13,144,84,
"BingAnswers.BasePage.GetAnswers(string)",31,0.13,0x0D782F99,144,13,144,84,
"BingAnswers.BasePage.GetAnswers(string)",4,0.02,0x0D782EE7,145,13,145,14,
"BingAnswers.WebSources.ChaCha.<ParseSearchResponse>b__1(class System.Threading.Thread)",4,0.02,0x0D78F1C0,45,44,45,58,
"BingAnswers.WebSources.ChaCha.<ParseSearchResponse>b__1(class System.Threading.Thread)",2,0.01,0x0D78F1C6,45,44,45,58,
"BingAnswers.WebSources.ChaCha.<ParseSearchResponse>b__1(class System.Threading.Thread)",1,0.00,0x0D78F1D7,45,44,45,58,
"BingAnswers.WebSources.ChaCha.<ParseSearchResponse>b__1(class System.Threading.Thread)",3,0.01,0x0D78F1E8,45,44,45,58,
"BingAnswers.WebSources.ChaCha.<ParseSearchResponse>b__1(class System.Threading.Thread)",4,0.02,0x0D78F1EB,45,44,45,58,
"BingAnswers.WebSources.ChaCha.<ParseSearchResponse>b__1(class System.Threading.Thread)",4,0.02,0x0D78F1EF,45,44,45,58,
"BingAnswers.WebSources.ChaCha.<ParseSearchResponse>b__1(class System.Threading.Thread)",2,0.01,0x0D78F1F2,45,44,45,58,
"BingAnswers.WebSources.ChaCha.<ParseSearchResponse>b__1(class System.Threading.Thread)",1,0.00,0x0D78F1F3,45,44,45,58,
"BingAnswers.WebSources.ChaCha.<ParseSearchResponse>b__1(class System.Threading.Thread)",1,0.00,0x0D78F1F5,45,44,45,58,
"BingAnswers.WebSources.ChaCha.<ParseSearchResponse>b__1(class System.Threading.Thread)",6,0.03,0x0D78F1F8,45,44,45,58,
"BingAnswers.WebSources.ChaCha.ParseSearchResponse(class System.Collections.Generic.IEnumerable`1<class BingAnswers.WebResultsWebResult>,string)",1,0.00,0x0D78DCD4,45,13,45,72,
"BingAnswers.WebSources.ChaCha.ParseSearchResponse(class System.Collections.Generic.IEnumerable`1<class BingAnswers.WebResultsWebResult>,string)",2,0.01,0x0D78DD2D,45,13,45,72,
"BingAnswers.WebSources.ChaCha.ParseSearchResponse(class System.Collections.Generic.IEnumerable`1<class BingAnswers.WebResultsWebResult>,string)",15,0.06,0x0D78DD43,45,13,45,72,
"BingAnswers.WebSources.ChaCha.ParseSearchResponse(class System.Collections.Generic.IEnumerable`1<class BingAnswers.WebResultsWebResult>,string)",1,0.00,0x0D78DD49,45,13,45,72,
"BingAnswers.WebSources.ChaCha.ParseSearchResponse(class System.Collections.Generic.IEnumerable`1<class BingAnswers.WebResultsWebResult>,string)",1,0.00,0x0D78DD4F,45,13,45,72,
"BingAnswers.WebSources.ChaCha.ParseSearchResponse(class System.Collections.Generic.IEnumerable`1<class BingAnswers.WebResultsWebResult>,string)",2,0.01,0x0D78DD59,45,13,45,72,
"BingAnswers.WebSources.ChaCha.ParseSearchResponse(class System.Collections.Generic.IEnumerable`1<class BingAnswers.WebResultsWebResult>,string)",2,0.01,0x0D78DD5C,45,13,45,72,
"BingAnswers.WebSources.ChaCha.ParseSearchResponse(class System.Collections.Generic.IEnumerable`1<class BingAnswers.WebResultsWebResult>,string)",1,0.00,0x0D78DD60,45,13,45,72,
"BingAnswers.WebSources.ChaCha.ParseSearchResponse(class System.Collections.Generic.IEnumerable`1<class BingAnswers.WebResultsWebResult>,string)",1,0.00,0x0D78DD66,45,13,45,72,
"BingAnswers.WebSources.ChaCha.ParseSearchResponse(class System.Collections.Generic.IEnumerable`1<class BingAnswers.WebResultsWebResult>,string)",1,0.00,0x0D78DD6D,45,13,45,72,
"BingAnswers.WebSources.ChaCha.ParseSearchResponse(class System.Collections.Generic.IEnumerable`1<class BingAnswers.WebResultsWebResult>,string)",1,0.00,0x0D78DCCC,46,13,46,14,
"BingAnswers.WebSources.ehow.<ParseSearchResult>b__1(class System.Threading.Thread)",1,0.00,0x14B7C388,51,44,51,58,
"BingAnswers.WebSources.ehow.<ParseSearchResult>b__1(class System.Threading.Thread)",1,0.00,0x14B7C398,51,44,51,58,
"BingAnswers.WebSources.ehow.ParseSearchResult(class System.Collections.Generic.IEnumerable`1<class BingAnswers.WebResultsWebResult>,string)",2,0.01,0x0D78E0AE,51,13,51,72,
"BingAnswers.WebSources.ehow.ParseSearchResult(class System.Collections.Generic.IEnumerable`1<class BingAnswers.WebResultsWebResult>,string)",1,0.00,0x0D78E0C7,51,13,51,72,
"BingAnswers.WebSources.ehow.ParseSearchResult(class System.Collections.Generic.IEnumerable`1<class BingAnswers.WebResultsWebResult>,string)",3,0.01,0x0D78E0D8,51,13,51,72,
"BingAnswers.WebSources.ehow.ParseSearchResult(class System.Collections.Generic.IEnumerable`1<class BingAnswers.WebResultsWebResult>,string)",2,0.01,0x0D78E031,52,13,52,14,
"BingAnswers.WebSources.MSDNForum.<ParseResponse>b__1(class System.Threading.Thread)",11,0.05,0x00DE4430,62,44,62,58,
"BingAnswers.WebSources.MSDNForum.<ParseResponse>b__1(class System.Threading.Thread)",5,0.02,0x00DE4436,62,44,62,58,
"BingAnswers.WebSources.MSDNForum.<ParseResponse>b__1(class System.Threading.Thread)",5,0.02,0x00DE4447,62,44,62,58,
"BingAnswers.WebSources.MSDNForum.<ParseResponse>b__1(class System.Threading.Thread)",1,0.00,0x00DE4453,62,44,62,58,
"BingAnswers.WebSources.MSDNForum.<ParseResponse>b__1(class System.Threading.Thread)",6,0.03,0x00DE4458,62,44,62,58,
"BingAnswers.WebSources.MSDNForum.<ParseResponse>b__1(class System.Threading.Thread)",1,0.00,0x00DE445B,62,44,62,58,
"BingAnswers.WebSources.MSDNForum.<ParseResponse>b__1(class System.Threading.Thread)",6,0.03,0x00DE445F,62,44,62,58,
"BingAnswers.WebSources.MSDNForum.<ParseResponse>b__1(class System.Threading.Thread)",3,0.01,0x00DE4462,62,44,62,58,
"BingAnswers.WebSources.MSDNForum.<ParseResponse>b__1(class System.Threading.Thread)",4,0.02,0x00DE4463,62,44,62,58,
"BingAnswers.WebSources.MSDNForum.<ParseResponse>b__1(class System.Threading.Thread)",5,0.02,0x00DE4465,62,44,62,58,
"BingAnswers.WebSources.MSDNForum.<ParseResponse>b__1(class System.Threading.Thread)",9,0.04,0x00DE4468,62,44,62,58,
"BingAnswers.WebSources.MSDNForum.<ParseResponse>b__1(class System.Threading.Thread)",4,0.02,0x00DE446B,62,44,62,58,
"BingAnswers.WebSources.MSDNForum.ParseResponse(string)",1,0.00,0x00DE41B3,62,13,62,72,
"BingAnswers.WebSources.MSDNForum.ParseResponse(string)",2,0.01,0x00DE420F,62,13,62,72,
"BingAnswers.WebSources.MSDNForum.ParseResponse(string)",32,0.13,0x00DE4225,62,13,62,72,
"BingAnswers.WebSources.MSDNForum.ParseResponse(string)",1,0.00,0x00DE423B,62,13,62,72,
"BingAnswers.WebSources.MSDNForum.ParseResponse(string)",9,0.04,0x00DE423E,62,13,62,72,
"BingAnswers.WebSources.MSDNForum.ParseResponse(string)",2,0.01,0x00DE4242,62,13,62,72,
"BingAnswers.WebSources.MSDNForum.ParseResponse(string)",5,0.02,0x00DE4245,62,13,62,72,
"BingAnswers.WebSources.MSDNForum.ParseResponse(string)",3,0.01,0x00DE424B,62,13,62,72,
"BingAnswers.WebSources.MSDNForum.ParseResponse(string)",3,0.01,0x00DE424F,62,13,62,72,
"BingAnswers.WebSources.MSDNForum.ParseResponse(string)",1,0.00,0x00DE41A8,63,13,63,14,
"BingAnswers.WebSources.Quora.<ParseSearchResult>b__1(class System.Threading.Thread)",15,0.06,0x0D78E710,46,44,46,58,
"BingAnswers.WebSources.Quora.<ParseSearchResult>b__1(class System.Threading.Thread)",6,0.03,0x0D78E716,46,44,46,58,
"BingAnswers.WebSources.Quora.<ParseSearchResult>b__1(class System.Threading.Thread)",8,0.03,0x0D78E727,46,44,46,58,
"BingAnswers.WebSources.Quora.<ParseSearchResult>b__1(class System.Threading.Thread)",2,0.01,0x0D78E733,46,44,46,58,
"BingAnswers.WebSources.Quora.<ParseSearchResult>b__1(class System.Threading.Thread)",5,0.02,0x0D78E738,46,44,46,58,
"BingAnswers.WebSources.Quora.<ParseSearchResult>b__1(class System.Threading.Thread)",2,0.01,0x0D78E73B,46,44,46,58,
"BingAnswers.WebSources.Quora.<ParseSearchResult>b__1(class System.Threading.Thread)",7,0.03,0x0D78E73F,46,44,46,58,
"BingAnswers.WebSources.Quora.<ParseSearchResult>b__1(class System.Threading.Thread)",5,0.02,0x0D78E742,46,44,46,58,
"BingAnswers.WebSources.Quora.<ParseSearchResult>b__1(class System.Threading.Thread)",1,0.00,0x0D78E743,46,44,46,58,
"BingAnswers.WebSources.Quora.<ParseSearchResult>b__1(class System.Threading.Thread)",10,0.04,0x0D78E745,46,44,46,58,
"BingAnswers.WebSources.Quora.<ParseSearchResult>b__1(class System.Threading.Thread)",13,0.05,0x0D78E748,46,44,46,58,
"BingAnswers.WebSources.Quora.<ParseSearchResult>b__1(class System.Threading.Thread)",1,0.00,0x0D78E74B,46,44,46,58,
"BingAnswers.WebSources.Quora.ParseSearchResult(class System.Collections.Generic.IEnumerable`1<class BingAnswers.WebResultsWebResult>,string)",1,0.00,0x0D78DA2D,46,13,46,72,
"BingAnswers.WebSources.Quora.ParseSearchResult(class System.Collections.Generic.IEnumerable`1<class BingAnswers.WebResultsWebResult>,string)",35,0.15,0x0D78DA43,46,13,46,72,
"BingAnswers.WebSources.Quora.ParseSearchResult(class System.Collections.Generic.IEnumerable`1<class BingAnswers.WebResultsWebResult>,string)",1,0.00,0x0D78DA49,46,13,46,72,
"BingAnswers.WebSources.Quora.ParseSearchResult(class System.Collections.Generic.IEnumerable`1<class BingAnswers.WebResultsWebResult>,string)",4,0.02,0x0D78DA59,46,13,46,72,
"BingAnswers.WebSources.Quora.ParseSearchResult(class System.Collections.Generic.IEnumerable`1<class BingAnswers.WebResultsWebResult>,string)",4,0.02,0x0D78DA5C,46,13,46,72,
"BingAnswers.WebSources.Quora.ParseSearchResult(class System.Collections.Generic.IEnumerable`1<class BingAnswers.WebResultsWebResult>,string)",5,0.02,0x0D78DA60,46,13,46,72,
"BingAnswers.WebSources.Quora.ParseSearchResult(class System.Collections.Generic.IEnumerable`1<class BingAnswers.WebResultsWebResult>,string)",2,0.01,0x0D78DA63,46,13,46,72,
"BingAnswers.WebSources.Quora.ParseSearchResult(class System.Collections.Generic.IEnumerable`1<class BingAnswers.WebResultsWebResult>,string)",2,0.01,0x0D78DA66,46,13,46,72,
"BingAnswers.WebSources.Quora.ParseSearchResult(class System.Collections.Generic.IEnumerable`1<class BingAnswers.WebResultsWebResult>,string)",2,0.01,0x0D78DA69,46,13,46,72,
"BingAnswers.WebSources.Quora.ParseSearchResult(class System.Collections.Generic.IEnumerable`1<class BingAnswers.WebResultsWebResult>,string)",8,0.03,0x0D78DA6D,46,13,46,72,
"BingAnswers.WebSources.Quora.ParseSearchResult(class System.Collections.Generic.IEnumerable`1<class BingAnswers.WebResultsWebResult>,string)",6,0.03,0x0D78D9CC,47,13,47,14,
"BingAnswers.WebSources.WikiAnswers.<ParseSearchResult>b__1(class System.Threading.Thread)",5,0.02,0x0D78EF40,47,44,47,58,
"BingAnswers.WebSources.WikiAnswers.<ParseSearchResult>b__1(class System.Threading.Thread)",4,0.02,0x0D78EF46,47,44,47,58,
"BingAnswers.WebSources.WikiAnswers.<ParseSearchResult>b__1(class System.Threading.Thread)",3,0.01,0x0D78EF57,47,44,47,58,
"BingAnswers.WebSources.WikiAnswers.<ParseSearchResult>b__1(class System.Threading.Thread)",2,0.01,0x0D78EF63,47,44,47,58,
"BingAnswers.WebSources.WikiAnswers.<ParseSearchResult>b__1(class System.Threading.Thread)",9,0.04,0x0D78EF68,47,44,47,58,
"BingAnswers.WebSources.WikiAnswers.<ParseSearchResult>b__1(class System.Threading.Thread)",2,0.01,0x0D78EF6B,47,44,47,58,
"BingAnswers.WebSources.WikiAnswers.<ParseSearchResult>b__1(class System.Threading.Thread)",6,0.03,0x0D78EF6F,47,44,47,58,
"BingAnswers.WebSources.WikiAnswers.<ParseSearchResult>b__1(class System.Threading.Thread)",7,0.03,0x0D78EF72,47,44,47,58,
"BingAnswers.WebSources.WikiAnswers.<ParseSearchResult>b__1(class System.Threading.Thread)",2,0.01,0x0D78EF75,47,44,47,58,
"BingAnswers.WebSources.WikiAnswers.<ParseSearchResult>b__1(class System.Threading.Thread)",6,0.03,0x0D78EF78,47,44,47,58,
"BingAnswers.WebSources.WikiAnswers.<ParseSearchResult>b__1(class System.Threading.Thread)",1,0.00,0x0D78EF7B,47,44,47,58,
"BingAnswers.WebSources.WikiAnswers.ParseSearchResult(class System.Collections.Generic.IEnumerable`1<class BingAnswers.WebResultsWebResult>,string)",4,0.02,0x0D78E3F4,47,13,47,72,
"BingAnswers.WebSources.WikiAnswers.ParseSearchResult(class System.Collections.Generic.IEnumerable`1<class BingAnswers.WebResultsWebResult>,string)",1,0.00,0x0D78E44D,47,13,47,72,
"BingAnswers.WebSources.WikiAnswers.ParseSearchResult(class System.Collections.Generic.IEnumerable`1<class BingAnswers.WebResultsWebResult>,string)",24,0.10,0x0D78E463,47,13,47,72,
"BingAnswers.WebSources.WikiAnswers.ParseSearchResult(class System.Collections.Generic.IEnumerable`1<class BingAnswers.WebResultsWebResult>,string)",4,0.02,0x0D78E479,47,13,47,72,
"BingAnswers.WebSources.WikiAnswers.ParseSearchResult(class System.Collections.Generic.IEnumerable`1<class BingAnswers.WebResultsWebResult>,string)",1,0.00,0x0D78E47C,47,13,47,72,
"BingAnswers.WebSources.WikiAnswers.ParseSearchResult(class System.Collections.Generic.IEnumerable`1<class BingAnswers.WebResultsWebResult>,string)",1,0.00,0x0D78E480,47,13,47,72,
"BingAnswers.WebSources.WikiAnswers.ParseSearchResult(class System.Collections.Generic.IEnumerable`1<class BingAnswers.WebResultsWebResult>,string)",2,0.01,0x0D78E486,47,13,47,72,
"BingAnswers.WebSources.WikiAnswers.ParseSearchResult(class System.Collections.Generic.IEnumerable`1<class BingAnswers.WebResultsWebResult>,string)",1,0.00,0x0D78E489,47,13,47,72,
"BingAnswers.WebSources.WikiAnswers.ParseSearchResult(class System.Collections.Generic.IEnumerable`1<class BingAnswers.WebResultsWebResult>,string)",3,0.01,0x0D78E48D,47,13,47,72,
"BingAnswers.WebSources.WikiHow.<ParseSearchResult>b__1(class System.Threading.Thread)",5,0.02,0x0D78F970,49,44,49,58,
"BingAnswers.WebSources.WikiHow.<ParseSearchResult>b__1(class System.Threading.Thread)",4,0.02,0x0D78F976,49,44,49,58,
"BingAnswers.WebSources.WikiHow.<ParseSearchResult>b__1(class System.Threading.Thread)",2,0.01,0x0D78F993,49,44,49,58,
"BingAnswers.WebSources.WikiHow.<ParseSearchResult>b__1(class System.Threading.Thread)",3,0.01,0x0D78F998,49,44,49,58,
"BingAnswers.WebSources.WikiHow.<ParseSearchResult>b__1(class System.Threading.Thread)",2,0.01,0x0D78F99B,49,44,49,58,
"BingAnswers.WebSources.WikiHow.<ParseSearchResult>b__1(class System.Threading.Thread)",3,0.01,0x0D78F99F,49,44,49,58,
"BingAnswers.WebSources.WikiHow.<ParseSearchResult>b__1(class System.Threading.Thread)",1,0.00,0x0D78F9A2,49,44,49,58,
"BingAnswers.WebSources.WikiHow.<ParseSearchResult>b__1(class System.Threading.Thread)",4,0.02,0x0D78F9A5,49,44,49,58,
"BingAnswers.WebSources.WikiHow.<ParseSearchResult>b__1(class System.Threading.Thread)",9,0.04,0x0D78F9A8,49,44,49,58,
"BingAnswers.WebSources.WikiHow.<ParseSearchResult>b__1(class System.Threading.Thread)",3,0.01,0x0D78F9AB,49,44,49,58,
"BingAnswers.WebSources.WikiHow.ParseSearchResult(class System.Collections.Generic.IEnumerable`1<class BingAnswers.WebResultsWebResult>,string)",1,0.00,0x0D78F4FF,49,13,49,72,
"BingAnswers.WebSources.WikiHow.ParseSearchResult(class System.Collections.Generic.IEnumerable`1<class BingAnswers.WebResultsWebResult>,string)",1,0.00,0x0D78F55B,49,13,49,72,
"BingAnswers.WebSources.WikiHow.ParseSearchResult(class System.Collections.Generic.IEnumerable`1<class BingAnswers.WebResultsWebResult>,string)",24,0.10,0x0D78F571,49,13,49,72,
"BingAnswers.WebSources.WikiHow.ParseSearchResult(class System.Collections.Generic.IEnumerable`1<class BingAnswers.WebResultsWebResult>,string)",3,0.01,0x0D78F577,49,13,49,72,
"BingAnswers.WebSources.WikiHow.ParseSearchResult(class System.Collections.Generic.IEnumerable`1<class BingAnswers.WebResultsWebResult>,string)",4,0.02,0x0D78F57D,49,13,49,72,
"BingAnswers.WebSources.WikiHow.ParseSearchResult(class System.Collections.Generic.IEnumerable`1<class BingAnswers.WebResultsWebResult>,string)",3,0.01,0x0D78F587,49,13,49,72,
"BingAnswers.WebSources.WikiHow.ParseSearchResult(class System.Collections.Generic.IEnumerable`1<class BingAnswers.WebResultsWebResult>,string)",6,0.03,0x0D78F58A,49,13,49,72,
"BingAnswers.WebSources.WikiHow.ParseSearchResult(class System.Collections.Generic.IEnumerable`1<class BingAnswers.WebResultsWebResult>,string)",2,0.01,0x0D78F58E,49,13,49,72,
"BingAnswers.WebSources.WikiHow.ParseSearchResult(class System.Collections.Generic.IEnumerable`1<class BingAnswers.WebResultsWebResult>,string)",1,0.00,0x0D78F591,49,13,49,72,
"BingAnswers.WebSources.WikiHow.ParseSearchResult(class System.Collections.Generic.IEnumerable`1<class BingAnswers.WebResultsWebResult>,string)",1,0.00,0x0D78F597,49,13,49,72,
"BingAnswers.WebSources.WikiHow.ParseSearchResult(class System.Collections.Generic.IEnumerable`1<class BingAnswers.WebResultsWebResult>,string)",4,0.02,0x0D78F59B,49,13,49,72,
"BingAnswers.WebSources.WikiHow.ParseSearchResult(class System.Collections.Generic.IEnumerable`1<class BingAnswers.WebResultsWebResult>,string)",2,0.01,0x0D78F4F4,50,13,50,14,
"BingAnswers.WebSources.Wikipedia.<GetWikiAnswer>b__b(class System.Threading.Thread)",10,0.04,0x00DED110,101,44,101,58,
"BingAnswers.WebSources.Wikipedia.<GetWikiAnswer>b__b(class System.Threading.Thread)",3,0.01,0x00DED116,101,44,101,58,
"BingAnswers.WebSources.Wikipedia.<GetWikiAnswer>b__b(class System.Threading.Thread)",5,0.02,0x00DED127,101,44,101,58,
"BingAnswers.WebSources.Wikipedia.<GetWikiAnswer>b__b(class System.Threading.Thread)",1,0.00,0x00DED133,101,44,101,58,
"BingAnswers.WebSources.Wikipedia.<GetWikiAnswer>b__b(class System.Threading.Thread)",2,0.01,0x00DED138,101,44,101,58,
"BingAnswers.WebSources.Wikipedia.<GetWikiAnswer>b__b(class System.Threading.Thread)",1,0.00,0x00DED13B,101,44,101,58,
"BingAnswers.WebSources.Wikipedia.<GetWikiAnswer>b__b(class System.Threading.Thread)",6,0.03,0x00DED13F,101,44,101,58,
"BingAnswers.WebSources.Wikipedia.<GetWikiAnswer>b__b(class System.Threading.Thread)",2,0.01,0x00DED142,101,44,101,58,
"BingAnswers.WebSources.Wikipedia.<GetWikiAnswer>b__b(class System.Threading.Thread)",1,0.00,0x00DED143,101,44,101,58,
"BingAnswers.WebSources.Wikipedia.<GetWikiAnswer>b__b(class System.Threading.Thread)",1,0.00,0x00DED145,101,44,101,58,
"BingAnswers.WebSources.Wikipedia.<GetWikiAnswer>b__b(class System.Threading.Thread)",10,0.04,0x00DED148,101,44,101,58,
"BingAnswers.WebSources.Wikipedia.<GetWikiAnswer>b__b(class System.Threading.Thread)",1,0.00,0x00DED14B,101,44,101,58,
"BingAnswers.WebSources.Wikipedia.<ParseSearchResult>b__4(class System.Threading.Thread)",7,0.03,0x0D78FC50,64,44,64,58,
"BingAnswers.WebSources.Wikipedia.<ParseSearchResult>b__4(class System.Threading.Thread)",5,0.02,0x0D78FC56,64,44,64,58,
"BingAnswers.WebSources.Wikipedia.<ParseSearchResult>b__4(class System.Threading.Thread)",4,0.02,0x0D78FC67,64,44,64,58,
"BingAnswers.WebSources.Wikipedia.<ParseSearchResult>b__4(class System.Threading.Thread)",7,0.03,0x0D78FC78,64,44,64,58,
"BingAnswers.WebSources.Wikipedia.<ParseSearchResult>b__4(class System.Threading.Thread)",4,0.02,0x0D78FC7F,64,44,64,58,
"BingAnswers.WebSources.Wikipedia.<ParseSearchResult>b__4(class System.Threading.Thread)",1,0.00,0x0D78FC82,64,44,64,58,
"BingAnswers.WebSources.Wikipedia.<ParseSearchResult>b__4(class System.Threading.Thread)",7,0.03,0x0D78FC83,64,44,64,58,
"BingAnswers.WebSources.Wikipedia.<ParseSearchResult>b__4(class System.Threading.Thread)",2,0.01,0x0D78FC85,64,44,64,58,
"BingAnswers.WebSources.Wikipedia.<ParseSearchResult>b__4(class System.Threading.Thread)",4,0.02,0x0D78FC88,64,44,64,58,
"BingAnswers.WebSources.Wikipedia.<ParseSearchResult>b__4(class System.Threading.Thread)",3,0.01,0x0D78FC8B,64,44,64,58,
"BingAnswers.WebSources.Wikipedia.GetWikiAnswer(string)",4,0.02,0x00DE036D,101,13,101,72,
"BingAnswers.WebSources.Wikipedia.GetWikiAnswer(string)",3,0.01,0x00DE03BD,101,13,101,72,
"BingAnswers.WebSources.Wikipedia.GetWikiAnswer(string)",35,0.15,0x00DE03D0,101,13,101,72,
"BingAnswers.WebSources.Wikipedia.GetWikiAnswer(string)",1,0.00,0x00DE03D6,101,13,101,72,
"BingAnswers.WebSources.Wikipedia.GetWikiAnswer(string)",1,0.00,0x00DE03DC,101,13,101,72,
"BingAnswers.WebSources.Wikipedia.GetWikiAnswer(string)",7,0.03,0x00DE03E6,101,13,101,72,
"BingAnswers.WebSources.Wikipedia.GetWikiAnswer(string)",11,0.05,0x00DE03E9,101,13,101,72,
"BingAnswers.WebSources.Wikipedia.GetWikiAnswer(string)",5,0.02,0x00DE03ED,101,13,101,72,
"BingAnswers.WebSources.Wikipedia.GetWikiAnswer(string)",1,0.00,0x00DE03F0,101,13,101,72,
"BingAnswers.WebSources.Wikipedia.GetWikiAnswer(string)",4,0.02,0x00DE03F3,101,13,101,72,
"BingAnswers.WebSources.Wikipedia.GetWikiAnswer(string)",9,0.04,0x00DE03FA,101,13,101,72,
"BingAnswers.WebSources.Wikipedia.ParseSearchResult(class System.Collections.Generic.IEnumerable`1<class BingAnswers.WebResultsWebResult>,string)",6,0.03,0x0D78FB5C,64,13,64,72,
"BingAnswers.WebSources.Wikipedia.ParseSearchResult(class System.Collections.Generic.IEnumerable`1<class BingAnswers.WebResultsWebResult>,string)",4,0.02,0x0D78FB68,64,13,64,72,
"BingAnswers.WebSources.Wikipedia.ParseSearchResult(class System.Collections.Generic.IEnumerable`1<class BingAnswers.WebResultsWebResult>,string)",6,0.03,0x0D78FBA9,64,13,64,72,
"BingAnswers.WebSources.Wikipedia.ParseSearchResult(class System.Collections.Generic.IEnumerable`1<class BingAnswers.WebResultsWebResult>,string)",78,0.33,0x0D78FBBC,64,13,64,72,
"BingAnswers.WebSources.Wikipedia.ParseSearchResult(class System.Collections.Generic.IEnumerable`1<class BingAnswers.WebResultsWebResult>,string)",9,0.04,0x0D78FBBF,64,13,64,72,
"BingAnswers.WebSources.Wikipedia.ParseSearchResult(class System.Collections.Generic.IEnumerable`1<class BingAnswers.WebResultsWebResult>,string)",7,0.03,0x0D78FBC2,64,13,64,72,
"BingAnswers.WebSources.Wikipedia.ParseSearchResult(class System.Collections.Generic.IEnumerable`1<class BingAnswers.WebResultsWebResult>,string)",13,0.05,0x0D78FBCC,64,13,64,72,
"BingAnswers.WebSources.Wikipedia.ParseSearchResult(class System.Collections.Generic.IEnumerable`1<class BingAnswers.WebResultsWebResult>,string)",15,0.06,0x0D78FBCF,64,13,64,72,
"BingAnswers.WebSources.Wikipedia.ParseSearchResult(class System.Collections.Generic.IEnumerable`1<class BingAnswers.WebResultsWebResult>,string)",16,0.07,0x0D78FBD3,64,13,64,72,
"BingAnswers.WebSources.Wikipedia.ParseSearchResult(class System.Collections.Generic.IEnumerable`1<class BingAnswers.WebResultsWebResult>,string)",3,0.01,0x0D78FBD6,64,13,64,72,
"BingAnswers.WebSources.Wikipedia.ParseSearchResult(class System.Collections.Generic.IEnumerable`1<class BingAnswers.WebResultsWebResult>,string)",2,0.01,0x0D78FBD9,64,13,64,72,
"BingAnswers.WebSources.Wikipedia.ParseSearchResult(class System.Collections.Generic.IEnumerable`1<class BingAnswers.WebResultsWebResult>,string)",6,0.03,0x0D78FBDC,64,13,64,72,
"BingAnswers.WebSources.Wikipedia.ParseSearchResult(class System.Collections.Generic.IEnumerable`1<class BingAnswers.WebResultsWebResult>,string)",21,0.09,0x0D78FBE0,64,13,64,72,
"COMDouble::Exp(double)",4,0.02,0x5B3EDDFB,248,0,248,0,
"COMDouble::Log(double)",1,0.00,0x5B4512A5,221,0,221,0,
"COMDouble::Log10(double)",1,0.00,0x5B7725F8,230,0,230,0,
"COMDouble::Log10(double)",14,0.06,0x5B772600,231,0,231,0,
"COMString::Length(class StringObject *)",1,0.00,0x5B78AEFD,515,0,515,0,
"HtmlAgilityPack.HtmlAttribute.get_Name()",1,0.00,0x00DE27D4,70,17,70,35,
"HtmlAgilityPack.HtmlAttribute.get_Name()",1,0.00,0x00DE27EA,72,21,72,90,
"HtmlAgilityPack.HtmlAttribute.get_Name()",1,0.00,0x00DE27FC,74,17,74,40,
"HtmlAgilityPack.HtmlAttributeCollection..ctor(class HtmlAgilityPack.HtmlNode)",1,0.00,0x00DE2454,15,9,15,104,
"HtmlAgilityPack.HtmlDocument.CloseCurrentNode()",2,0.01,0x00DE20D0,"1,138",13,"1,138",24,
"HtmlAgilityPack.HtmlDocument.CreateNode(valuetype HtmlAgilityPack.HtmlNodeType,int32)",1,0.00,0x00DE051A,928,13,928,26,
"HtmlAgilityPack.HtmlDocument.IncrementPosition()",1,0.00,0x00DE1910,"1,277",13,"1,277",32,
"HtmlAgilityPack.HtmlDocument.IncrementPosition()",1,0.00,0x00DE1914,"1,277",13,"1,277",32,
"HtmlAgilityPack.HtmlDocument.IncrementPosition()",3,0.01,0x00DE192A,"1,283",13,"1,283",22,
"HtmlAgilityPack.HtmlDocument.IncrementPosition()",1,0.00,0x00DE192D,"1,284",13,"1,284",46,
"HtmlAgilityPack.HtmlDocument.IncrementPosition()",3,0.01,0x00DE1930,"1,284",13,"1,284",46,
"HtmlAgilityPack.HtmlDocument.IncrementPosition()",1,0.00,0x00DE1940,"1,288",17,"1,288",25,
"HtmlAgilityPack.HtmlDocument.IncrementPosition()",1,0.00,0x00DE1949,"1,294",9,"1,294",10,
"HtmlAgilityPack.HtmlDocument.IncrementPosition()",1,0.00,0x00DE194A,"1,294",9,"1,294",10,
"HtmlAgilityPack.HtmlDocument.IsWhiteSpace(int32)",1,0.00,0x00DE25F8,312,13,312,65,
"HtmlAgilityPack.HtmlDocument.IsWhiteSpace(int32)",1,0.00,0x00DE260E,316,13,316,26,
"HtmlAgilityPack.HtmlDocument.Load(class System.IO.TextReader)",1,0.00,0x00DE0E93,773,26,773,39,
"HtmlAgilityPack.HtmlDocument.NewCheck()",1,0.00,0x00DE1AD6,"1,294",9,"1,294",10,
"HtmlAgilityPack.HtmlDocument.NewCheck()",1,0.00,0x00DE1ADD,"1,358",13,"1,358",25,
"HtmlAgilityPack.HtmlDocument.Parse()",1,0.00,0x00DE17F5,"1,389",13,"1,389",42,
"HtmlAgilityPack.HtmlDocument.Parse()",1,0.00,0x00DE10DD,"1,391",17,"1,391",36,
"HtmlAgilityPack.HtmlDocument.Parse()",1,0.00,0x00DE10EC,"1,391",17,"1,391",36,
"HtmlAgilityPack.HtmlDocument.Parse()",3,0.01,0x00DE10FC,"1,394",17,"1,394",32,
"HtmlAgilityPack.HtmlDocument.Parse()",2,0.01,0x00DE1108,"1,394",17,"1,394",32,
"HtmlAgilityPack.HtmlDocument.Parse()",2,0.01,0x00DE110F,"1,397",25,"1,397",40,
"HtmlAgilityPack.HtmlDocument.Parse()",1,0.00,0x00DE12C3,"1,483",25,"1,483",59,
"HtmlAgilityPack.HtmlDocument.Parse()",1,0.00,0x00DE14AC,"1,582",29,"1,582",44,
"HtmlAgilityPack.HtmlDocument.Parse()",1,0.00,0x00DE15A2,"1,632",25,"1,632",45,
"HtmlAgilityPack.HtmlDocument.Parse()",1,0.00,0x00DE1608,"1,653",25,"1,653",39,
"HtmlAgilityPack.HtmlDocument.Parse()",1,0.00,0x00DE1728,"1,709",29,"1,710",85,
"HtmlAgilityPack.HtmlDocument.Parse()",1,0.00,0x00DE1730,"1,709",29,"1,710",85,
"HtmlAgilityPack.HtmlDocument.Parse()",1,0.00,0x00DE173D,"1,709",29,"1,710",85,
"HtmlAgilityPack.HtmlDocument.Parse()",3,0.01,0x00DE174C,"1,709",29,"1,710",85,
"HtmlAgilityPack.HtmlDocument.Parse()",1,0.00,0x00DE1758,"1,709",29,"1,710",85,
"HtmlAgilityPack.HtmlDocument.PushAttributeNameEnd(int32)",1,0.00,0x00DE2719,"1,748",13,"1,748",63,
"HtmlAgilityPack.HtmlDocument.PushAttributeNameEnd(int32)",1,0.00,0x00DE271E,"1,748",13,"1,748",63,
"HtmlAgilityPack.HtmlDocument.PushAttributeNameStart(int32)",1,0.00,0x00DE2630,"1,753",13,"1,753",51,
"HtmlAgilityPack.HtmlDocument.PushNodeEnd(int32,bool)",1,0.00,0x00DE1B7A,"1,797",17,"1,797",83,
"HtmlAgilityPack.HtmlDocument.PushNodeEnd(int32,bool)",1,0.00,0x00DE1BA7,"1,805",21,"1,805",56,
"HtmlAgilityPack.HtmlDocument.PushNodeNameStart(bool,int32)",1,0.00,0x00DE2156,"1,859",13,"1,859",47,
"HtmlAgilityPack.HtmlDocument.PushNodeStart(valuetype HtmlAgilityPack.HtmlNodeType,int32)",2,0.01,0x00DE18D5,"1,865",13,"1,865",52,
"HtmlAgilityPack.HtmlDocument.PushNodeStart(valuetype HtmlAgilityPack.HtmlNodeType,int32)",1,0.00,0x00DE18E0,"1,866",13,"1,866",40,
"HtmlAgilityPack.HtmlDocument.PushNodeStart(valuetype HtmlAgilityPack.HtmlNodeType,int32)",1,0.00,0x00DE18F4,"1,872",13,"1,872",50,
"HtmlAgilityPack.HtmlDocument.SetIdForNode(class HtmlAgilityPack.HtmlNode,string)",1,0.00,0x00DE259B,995,9,995,10,
"HtmlAgilityPack.HtmlDocument.UpdateLastParentNode()",1,0.00,0x00DE2F4F,"1,003",21,"1,003",66,
"HtmlAgilityPack.HtmlDocument.UpdateLastParentNode()",1,0.00,0x00DE2F57,"1,005",15,"1,005",77,
"HtmlAgilityPack.HtmlDocument.UpdateLastParentNode()",1,0.00,0x00DE2F62,"1,005",15,"1,005",77,
"HtmlAgilityPack.HtmlNameTable..ctor()",2,0.01,0x00DE369A,10,9,10,56,
"HtmlAgilityPack.HtmlNameTable.Get(string)",1,0.00,0x00DE3AF0,28,13,28,42,
"HtmlAgilityPack.HtmlNameTable.Get(string)",1,0.00,0x00DE3AF5,28,13,28,42,
"HtmlAgilityPack.HtmlNode.AppendChild(class HtmlAgilityPack.HtmlNode)",1,0.00,0x00DE21DE,770,13,770,34,
"HtmlAgilityPack.HtmlNode.AppendChild(class HtmlAgilityPack.HtmlNode)",1,0.00,0x00DE21E2,771,13,771,29,
"HtmlAgilityPack.HtmlNode.CloseNode(class HtmlAgilityPack.HtmlNode)",1,0.00,0x00DE2DAC,"1,784",25,"1,784",42,
"HtmlAgilityPack.HtmlNode.get_Attributes()",1,0.00,0x00DE23B0,179,17,179,36,
"HtmlAgilityPack.HtmlNode.get_Attributes()",1,0.00,0x00DE23B1,179,17,179,36,
"HtmlAgilityPack.HtmlNode.get_Attributes()",1,0.00,0x00DE23D9,181,21,181,69,
"HtmlAgilityPack.HtmlNode.get_Closed()",1,0.00,0x00DE0FD0,209,19,209,45,
"HtmlAgilityPack.HtmlNode.get_HasAttributes()",1,0.00,0x00DE2422,263,17,263,29,
"HtmlAgilityPack.HtmlNode.get_HasChildNodes()",1,0.00,0x00DE3894,279,17,279,44,
"HtmlAgilityPack.HtmlNode.get_Name()",6,0.03,0x00DE2ADB,448,17,448,71,
"HtmlAgilityPack.HtmlNode.get_ParentNode()",2,0.01,0x00DE2F90,521,19,521,38,
"HtmlAgilityPack.HtmlNode.GetId()",1,0.00,0x00DE2371,"1,825",13,"1,825",50,
"HtmlAgilityPack.HtmlNode.IsClosedElement(string)",1,0.00,0x00DE2C08,643,13,643,77,
"HtmlAgilityPack.HtmlNodeNavigator..ctor(class HtmlAgilityPack.HtmlNodeNavigator)",1,0.00,0x00DE375D,20,9,20,56,
"HtmlAgilityPack.HtmlNodeNavigator.get_LocalName()",1,0.00,0x00DE3A6B,269,21,269,89,
"HtmlAgilityPack.HtmlNodeNavigator.get_NodeType()",1,0.00,0x00DE390A,320,17,320,47,
"HtmlAgilityPack.HtmlNodeNavigator.get_NodeType()",1,0.00,0x00DE392B,332,25,332,51,
"HtmlAgilityPack.HtmlNodeNavigator.MoveToNext()",2,0.01,0x00DE39D0,630,13,630,50,
"HtmlAgilityPack.HtmlNodeNavigator.MoveToParent()",1,0.00,0x00DE3B54,677,13,677,49,
"HtmlAgilityPack.HtmlNodeNavigator.MoveToParent()",1,0.00,0x00DE3B60,677,13,677,49,
"HtmlAgilityPack.HtmlNodeNavigator.MoveToParent()",1,0.00,0x00DE3B73,682,13,682,52,
"JIT_GetGenericsGCStaticBase(class MethodTable *)",1,0.00,0x5B2E96C5,"1,874",0,"1,874",0,
"JIT_IsInstanceOfArray(struct CORINFO_CLASS_STRUCT_ *,class Object *)",13,0.05,0x5B2EDB1C,"2,709",0,"2,709",0,
"JIT_IsInstanceOfArray(struct CORINFO_CLASS_STRUCT_ *,class Object *)",20,0.08,0x5B2EDB22,"2,709",0,"2,709",0,
"JIT_IsInstanceOfArray(struct CORINFO_CLASS_STRUCT_ *,class Object *)",19,0.08,0x5B2EDB2D,"2,723",0,"2,723",0,
"JIT_LDiv(__int64,__int64)",1,0.00,0x5B2E496C,273,0,273,0,
"JIT_LDiv(__int64,__int64)",1,0.00,0x5B2E49C9,299,0,299,0,
"JIT_NewFast(struct CORINFO_CLASS_STRUCT_ *)",3,0.01,0x5B2E25A1,"2,899",0,"2,899",0,
"JIT_NewFast(struct CORINFO_CLASS_STRUCT_ *)",1,0.00,0x5B2E25E9,"2,904",0,"2,904",0,
"JIT_NewFast(struct CORINFO_CLASS_STRUCT_ *)",3,0.01,0x5B2E2634,"2,922",0,"2,922",0,
"JIT_NewFast(struct CORINFO_CLASS_STRUCT_ *)",1,0.00,0x5B2E2649,"2,924",0,"2,924",0,
"MS.Internal.Xml.XPath.XPathSelectionIterator.MoveNext()",3,0.01,0x00DF78E2,39,13,39,48,
"OpenNLP.Tools.Util.BeamSearch.BestSequences(int32,object[],object[],float64)",1,0.00,0x0D7888CC,0,0,0,0,
"SharpEntropy.IO.BinaryGisModelReader.ReadPredicates(int32[][]&,class System.Collections.Generic.Dictionary`2<string,class SharpEntropy.PatternedPredicate>&)",1,0.00,0x0D788004,0,0,0,0,
"SharpEntropy.IO.BinaryGisModelReader.ReadString()",1,0.00,0x0D787DC4,0,0,0,0,
"SharpEntropy.IO.GisModelReader.GetPredicateData(string,int32[],float64[])",1,0.00,0x0D7893F2,0,0,0,0,
"SharpEntropy.PatternedPredicate.GetParameter(int32)",1,0.00,0x0D789488,0,0,0,0,
"StackFrameIterator::PostProcessingForManagedFrames(void)",1,0.00,0x5B2E128A,"2,758",0,"2,758",0,
"System.Array.Sort(!!0[])",4,0.02,0x13FB72E2,"1,746",9,"1,746",10,
"System.BitConverter.ToInt32(uint8[],int32)",1,0.00,0x0A7ED614,162,13,162,31,
"System.Char.IsLetter(char)",1,0.00,0x0A7ED711,240,11,240,27,
"System.Collections.ArrayList..ctor(class System.Collections.ICollection)",1,0.00,0x004EFC2C,86,9,86,10,
"System.Collections.CollectionBase.System.Collections.IList.Add(object)",1,0.00,0x13014311,133,13,133,31,
"System.Collections.CollectionBase.System.Collections.IList.Add(object)",1,0.00,0x13014347,134,13,134,46,
"System.Collections.CollectionBase.System.Collections.IList.Add(object)",2,0.01,0x13014372,135,13,135,46,
"System.Collections.Generic.Dictionary`2..ctor()",1,0.00,0x004E2EA2,87,9,87,43,
"System.Collections.Generic.Dictionary`2.ContainsKey(!0)",3,0.01,0x004E7716,209,13,209,40,
"System.Collections.Generic.Dictionary`2.get_Item(!0)",1,0.00,0x0A2F78EE,162,17,162,40,
"System.Collections.Generic.Dictionary`2.set_Item(!0,!1)",3,0.01,0x009C2AAB,168,17,168,43,
"System.Collections.Generic.Dictionary`2.TryGetValue(!0,!1&)",2,0.01,0x072F722F,428,13,428,36,
"System.Collections.Generic.List`1.AddRange(class System.Collections.Generic.IEnumerable`1<!0>)",1,0.00,0x0B664BB1,258,9,258,10,
"System.Collections.Generic.List`1.Enumerator.MoveNext()",1,0.00,0x009C1684,"1,199",21,"1,199",33,
"System.Collections.Generic.List`1.Enumerator.MoveNext()",1,0.00,0x009C1693,"1,201",17,"1,201",39,
"System.Collections.Generic.List`1.GetEnumerator()",1,0.00,0x009C15C0,580,13,580,41,
"System.Collections.Generic.List`1.ToArray()",1,0.00,0x009C2A7B,"1,033",13,"1,033",26,
"System.Collections.Hashtable..ctor()",3,0.01,0x072F1F0C,247,9,247,43,
"System.Collections.Hashtable.Add(object,object)",5,0.02,0x072FC33B,431,13,431,38,
"System.Collections.Hashtable.ContainsKey(object)",2,0.01,0x0A2F9E34,512,13,512,80,
"System.Collections.Hashtable.ContainsKey(object)",2,0.01,0x0A2F9E49,516,13,516,69,
"System.Collections.Hashtable.ContainsKey(object)",2,0.01,0x0A2F9E66,518,17,518,44,
"System.Collections.Hashtable.ContainsKey(object)",1,0.00,0x0A2F9E6D,520,21,520,34,
"System.Collections.Hashtable.ContainsKey(object)",1,0.00,0x0A2F9E9D,522,17,523,44,
"System.Collections.Hashtable.ContainsKey(object)",2,0.01,0x0A2F9ECD,525,17,525,91,
"System.Collections.Hashtable.ContainsKey(object)",1,0.00,0x0A2F9E72,527,13,527,26,
"System.Collections.Hashtable.ContainsKey(object)",1,0.00,0x0A2F9EE1,527,13,527,26,
"System.Collections.Hashtable.get_Item(object)",1,0.00,0x072F1F50,650,17,650,33,
"System.Collections.Hashtable.get_Item(object)",1,0.00,0x072F1F6A,650,17,650,33,
"System.Collections.Hashtable.get_Item(object)",1,0.00,0x072F1F7C,664,17,664,84,
"System.Collections.Hashtable.get_Item(object)",11,0.05,0x072F1F8F,664,17,664,84,
"System.Collections.Hashtable.get_Item(object)",3,0.01,0x072F1FA4,668,17,668,73,
"System.Collections.Hashtable.get_Item(object)",1,0.00,0x072F1FC7,693,25,693,52,
"System.Collections.Hashtable.get_Item(object)",1,0.00,0x072F2028,706,21,707,48,
"System.Collections.Hashtable.get_Item(object)",10,0.04,0x072F2035,706,21,707,48,
"System.Collections.Hashtable.HashtableEnumerator.MoveNext()",1,0.00,0x0AE7B590,"1,582",17,"1,582",35,
"System.Collections.Hashtable.HashtableEnumerator.MoveNext()",2,0.01,0x0AE7B5A0,"1,583",21,"1,583",30,
"System.Collections.Hashtable.HashtableEnumerator.MoveNext()",1,0.00,0x0AE7B5B7,"1,585",21,"1,585",70,
"System.Collections.Hashtable.HashtableEnumerator.MoveNext()",1,0.00,0x0AE7B5BF,"1,586",25,"1,586",43,
"System.Collections.Hashtable.HashtableEnumerator.MoveNext()",1,0.00,0x0AE7B5E7,"1,588",25,"1,588",40,
"System.Collections.Hashtable.Remove(object)",1,0.00,0x0D7386CF,"1,081",17,"1,082",44,
"System.Collections.Hashtable.Remove(object)",1,0.00,0x0D7386EC,"1,088",21,"1,088",73,
"System.Collections.Hashtable.set_Item(object,object)",17,0.07,0x02B282AC,722,17,722,43,
"System.Convert.ToDouble(object)",1,0.00,0x14B940E3,"1,528",13,"1,528",75,
"System.Convert.ToDouble(object)",4,0.02,0x14B940ED,"1,528",13,"1,528",75,
"System.Convert.ToString(object,class System.IFormatProvider)",2,0.01,0x14798433,"1,796",13,"1,796",66,
"System.Data.SqlClient.SqlCommand.ExecuteNonQuery()",6,0.03,0x00DF2656,"1,052",0,"1,052",0,
"System.Data.SqlClient.SqlCommand.ExecuteNonQuery()",2,0.01,0x00DF26C9,"1,058",0,"1,058",0,
"System.Data.SqlClient.SqlConnection..ctor(string)",1,0.00,0x13293AC0,57,0,57,0,
"System.Enum.ToString()",1,0.00,0x0730A7FA,693,13,693,76,
"System.Globalization.CultureInfo.get_CompareInfo()",1,0.00,0x009C4546,"1,009",17,"1,009",38,
"System.Int32.Parse(string)",6,0.03,0x13FBF2AB,144,13,144,93,
"System.Int32.Parse(string)",52,0.22,0x13FBF2B8,144,13,144,93,
"System.Int32.Parse(string,valuetype System.Globalization.NumberStyles)",1,0.00,0x14B93F10,149,13,149,63,
"System.Int32.Parse(string,valuetype System.Globalization.NumberStyles)",1,0.00,0x14B93F20,150,13,150,78,
"System.Int32.Parse(string,valuetype System.Globalization.NumberStyles)",2,0.01,0x14B93F25,150,13,150,78,
"System.Int32.Parse(string,valuetype System.Globalization.NumberStyles)",10,0.04,0x14B93F2F,150,13,150,78,
"System.IO.File.OpenRead(string)",15,0.06,0x130D303F,597,13,597,89,
"System.IO.FileStream.get_Length()",1,0.00,0x02B2E107,904,17,904,63,
"System.IO.FileStream.Read(uint8[],int32,int32)",2,0.01,0x02B2E2D0,"1,271",13,"1,271",34,
"System.IO.FileStream.Read(uint8[],int32,int32)",1,0.00,0x02B2E2E5,"1,279",13,"1,279",24,
"System.IO.FileStream.Read(uint8[],int32,int32)",1,0.00,0x02B2E332,"1,283",21,"1,283",56,
"System.IO.FileStream.Read(uint8[],int32,int32)",4,0.02,0x02B2E3AC,"1,299",13,"1,299",27,
"System.IO.FileStream.Read(uint8[],int32,int32)",1,0.00,0x02B2E3DF,"1,328",13,"1,328",22,
"System.IO.MemoryStream.set_Position(int64)",1,0.00,0x0A7F8D60,294,17,294,31,
"System.IO.MemoryStream.set_Position(int64)",1,0.00,0x0A7F8D74,294,17,294,31,
"System.IO.MemoryStream.set_Position(int64)",1,0.00,0x0A7F8D9B,304,13,304,14,
"System.IO.Stream.Close()",1,0.00,0x072FCB75,192,13,192,39,
"System.IO.StreamReader.DiscardBufferedData()",1,0.00,0x14B93EA1,258,13,258,25,
"System.IO.StreamReader.DiscardBufferedData()",2,0.01,0x14B93EA4,258,13,258,25,
"System.IO.StreamReader.DiscardBufferedData()",2,0.01,0x14B93EBC,264,17,264,49,
"System.IO.StreamReader.DiscardBufferedData()",4,0.02,0x14B93EC1,264,17,264,49,
"System.IO.StreamReader.Peek()",1,0.00,0x00DF2BBA,291,17,291,53,
"System.IO.StreamReader.ReadLine()",2,0.01,0x0C2F8F60,626,13,626,32,
"System.IO.StreamReader.ReadLine()",1,0.00,0x0C2F8F69,626,13,626,32,
"System.IO.StreamReader.ReadLine()",135,0.56,0x0C2F8F89,630,17,630,39,
"System.IO.StreamReader.ReadLine()",1,0.00,0x0C2F8F97,632,13,632,37,
"System.IO.StreamReader.ReadLine()",7,0.03,0x0C2F8F9F,636,21,636,45,
"System.IO.StreamReader.ReadLine()",1,0.00,0x0C2F8FA2,636,21,636,45,
"System.IO.StreamReader.ReadLine()",5,0.02,0x0C2F8FAB,636,21,636,45,
"System.IO.StreamReader.ReadLine()",12,0.05,0x0C2F8FB5,639,21,639,50,
"System.IO.StreamReader.ReadLine()",1,0.00,0x0C2F8FBE,641,25,641,40,
"System.IO.StreamReader.ReadLine()",1,0.00,0x0C2F8FC2,641,25,641,40,
"System.IO.StreamReader.ReadLine()",2,0.01,0x0C2F8FD8,643,29,643,47,
"System.IO.StreamReader.ReadLine()",2,0.01,0x0C2F8FE2,643,29,643,47,
"System.IO.StreamReader.ReadLine()",23,0.10,0x0C2F8FFA,646,29,646,78,
"System.IO.StreamReader.ReadLine()",8,0.03,0x0C2F903D,654,21,654,25,
"System.IO.StreamReader.ReadLine()",3,0.01,0x0C2F907B,659,15,659,40,
"System.IO.StreamReader.ReadLine()",10,0.04,0x0C2F9085,659,15,659,40,
"System.IO.StreamReader.ReadToEnd()",2,0.01,0x0B66DF80,356,17,356,35,
"System.IO.StreamReader.ReadToEnd()",28,0.12,0x0B66DF90,358,15,358,35,
"System.Linq.Enumerable.Contains(class System.Collections.Generic.IEnumerable`1<!!0>,!!0)",1,0.00,0x1444764C,"1,244",13,"1,244",59,
"System.Linq.Enumerable.Count(class System.Collections.Generic.IEnumerable`1<!!0>)",32,0.13,0x00DF15EC,"1,189",9,"1,189",10,
"System.Linq.Enumerable.Count(class System.Collections.Generic.IEnumerable`1<!!0>)",92,0.38,0x00DF15F3,"1,189",9,"1,189",10,
"System.Linq.Enumerable.Count(class System.Collections.Generic.IEnumerable`1<!!0>)",38,0.16,0x00DF14D0,"1,192",13,"1,192",32,
"System.Linq.Enumerable.Count(class System.Collections.Generic.IEnumerable`1<!!0>)",20,0.08,0x00DF14D4,"1,192",13,"1,192",32,
"System.Linq.Enumerable.Count(class System.Collections.Generic.IEnumerable`1<!!0>)",6,0.03,0x00DF14D6,"1,192",13,"1,192",32,
"System.Linq.Enumerable.Count(class System.Collections.Generic.IEnumerable`1<!!0>)",7,0.03,0x00DF14D9,"1,192",13,"1,192",32,
"System.Linq.Enumerable.Count(class System.Collections.Generic.IEnumerable`1<!!0>)",4,0.02,0x00DF14DE,"1,192",13,"1,192",32,
"System.Linq.Enumerable.Count(class System.Collections.Generic.IEnumerable`1<!!0>)",135,0.56,0x00DF14E5,"1,192",13,"1,192",32,
"System.Linq.Enumerable.Count(class System.Collections.Generic.IEnumerable`1<!!0>)",343,1.43,0x00DF14E7,"1,192",13,"1,192",32,
"System.Linq.Enumerable.Count(class System.Collections.Generic.IEnumerable`1<!!0>)",15,0.06,0x00DF14E9,"1,192",13,"1,192",32,
"System.Linq.Enumerable.Count(class System.Collections.Generic.IEnumerable`1<!!0>)",42,0.18,0x00DF14EC,"1,192",13,"1,192",32,
"System.Linq.Enumerable.Count(class System.Collections.Generic.IEnumerable`1<!!0>)",3,0.01,0x00DF14EE,"1,192",13,"1,192",32,
"System.Linq.Enumerable.Count(class System.Collections.Generic.IEnumerable`1<!!0>)",6,0.03,0x00DF14F1,"1,192",13,"1,192",32,
"System.Linq.Enumerable.Count(class System.Collections.Generic.IEnumerable`1<!!0>)",2,0.01,0x00DF14F3,"1,192",13,"1,192",32,
"System.Linq.Enumerable.Count(class System.Collections.Generic.IEnumerable`1<!!0>)",8,0.03,0x00DF14FD,"1,193",13,"1,193",81,
"System.Linq.Enumerable.Count(class System.Collections.Generic.IEnumerable`1<!!0>)",3,0.01,0x00DF1500,"1,193",13,"1,193",81,
"System.Linq.Enumerable.Count(class System.Collections.Generic.IEnumerable`1<!!0>)",16,0.07,0x00DF1503,"1,193",13,"1,193",81,
"System.Linq.Enumerable.Count(class System.Collections.Generic.IEnumerable`1<!!0>)",15,0.06,0x00DF1513,"1,193",13,"1,193",81,
"System.Linq.Enumerable.Count(class System.Collections.Generic.IEnumerable`1<!!0>)",4,0.02,0x00DF1515,"1,193",13,"1,193",81,
"System.Linq.Enumerable.Count(class System.Collections.Generic.IEnumerable`1<!!0>)",29,0.12,0x00DF151C,"1,193",13,"1,193",81,
"System.Linq.Enumerable.Count(class System.Collections.Generic.IEnumerable`1<!!0>)",16,0.07,0x00DF154B,"1,195",13,"1,195",60,
"System.Linq.Enumerable.Count(class System.Collections.Generic.IEnumerable`1<!!0>)",28,0.12,0x00DF1557,"1,196",13,"1,196",36,
"System.Linq.Enumerable.Count(class System.Collections.Generic.IEnumerable`1<!!0>)",16,0.07,0x00DF156B,"1,197",13,"1,197",27,
"System.Linq.Enumerable.Count(class System.Collections.Generic.IEnumerable`1<!!0>)",15,0.06,0x00DF1576,"1,198",20,"1,198",67,
"System.Linq.Enumerable.Count(class System.Collections.Generic.IEnumerable`1<!!0>)",18,0.08,0x00DF1586,"1,198",20,"1,198",67,
"System.Linq.Enumerable.Count(class System.Collections.Generic.IEnumerable`1<!!0>)",20,0.08,0x00DF158B,"1,198",20,"1,198",67,
"System.Linq.Enumerable.Count(class System.Collections.Generic.IEnumerable`1<!!0>)",595,2.48,0x00DF158D,"1,198",20,"1,198",67,
"System.Linq.Enumerable.Count(class System.Collections.Generic.IEnumerable`1<!!0>)",33,0.14,0x00DF1590,"1,200",21,"1,200",41,
"System.Linq.Enumerable.Count(class System.Collections.Generic.IEnumerable`1<!!0>)",29,0.12,0x00DF1593,"1,200",21,"1,200",41,
"System.Linq.Enumerable.Count(class System.Collections.Generic.IEnumerable`1<!!0>)","3,111",12.99,0x00DF1599,"1,200",21,"1,200",41,
"System.Linq.Enumerable.Count(class System.Collections.Generic.IEnumerable`1<!!0>)",17,0.07,0x00DF15A8,"1,200",21,"1,200",41,
"System.Linq.Enumerable.Count(class System.Collections.Generic.IEnumerable`1<!!0>)",1,0.00,0x00DF15AB,"1,200",21,"1,200",41,
"System.Linq.Enumerable.Count(class System.Collections.Generic.IEnumerable`1<!!0>)","2,947",12.31,0x00DF15B1,"1,200",21,"1,200",41,
"System.Linq.Enumerable.Count(class System.Collections.Generic.IEnumerable`1<!!0>)",4,0.02,0x00DF15BC,"1,200",21,"1,200",41,
"System.Linq.Enumerable.Count(class System.Collections.Generic.IEnumerable`1<!!0>)",2,0.01,0x00DF15C3,"1,200",21,"1,200",41,
"System.Linq.Enumerable.Count(class System.Collections.Generic.IEnumerable`1<!!0>)",18,0.08,0x00DF15C8,"1,200",21,"1,200",41,
"System.Linq.Enumerable.Count(class System.Collections.Generic.IEnumerable`1<!!0>)",14,0.06,0x00DF15CF,"1,200",21,"1,200",41,
"System.Linq.Enumerable.Count(class System.Collections.Generic.IEnumerable`1<!!0>)",1,0.00,0x00DF15D3,"1,200",21,"1,200",41,
"System.Linq.Enumerable.Count(class System.Collections.Generic.IEnumerable`1<!!0>)",7,0.03,0x00DF15D5,"1,200",21,"1,200",41,
"System.Linq.Enumerable.Count(class System.Collections.Generic.IEnumerable`1<!!0>)",316,1.32,0x00DF15DE,"1,200",21,"1,200",41,
"System.Linq.Enumerable.Count(class System.Collections.Generic.IEnumerable`1<!!0>)",14,0.06,0x00DF159D,"1,200",42,"1,200",50,
"System.Linq.Enumerable.Count(class System.Collections.Generic.IEnumerable`1<!!0>)",2,0.01,0x00DF15A3,"1,200",42,"1,200",50,
"System.Linq.Enumerable.Count(class System.Collections.Generic.IEnumerable`1<!!0>)",13,0.05,0x00DF15A5,"1,200",42,"1,200",50,
"System.Linq.Enumerable.Count(class System.Collections.Generic.IEnumerable`1<!!0>)",14,0.06,0x00DF15E1,"1,203",13,"1,203",26,
"System.Linq.Enumerable.Count(class System.Collections.Generic.IEnumerable`1<!!0>)",15,0.06,0x00DF15E8,"1,203",13,"1,203",26,
"System.Linq.Enumerable.Count(class System.Collections.Generic.IEnumerable`1<!!0>)",19,0.08,0x00DF15E9,"1,203",13,"1,203",26,
"System.Linq.Enumerable.Count(class System.Collections.Generic.IEnumerable`1<!!0>)",13,0.05,0x00DF15EA,"1,203",13,"1,203",26,
"System.Linq.Enumerable.Count(class System.Collections.Generic.IEnumerable`1<!!0>)",18,0.08,0x00DF15EB,"1,203",13,"1,203",26,
"System.Linq.Enumerable.Iterator`1.GetEnumerator()",15,0.06,0x0C2F983E,97,17,97,34,
"System.Linq.Enumerable.Where(class System.Collections.Generic.IEnumerable`1<!!0>,class System.Func`2<!!0,bool>)",30,0.13,0x00DF1230,16,13,16,32,
"System.Linq.Enumerable.Where(class System.Collections.Generic.IEnumerable`1<!!0>,class System.Func`2<!!0,bool>)",23,0.10,0x00DF1234,16,13,16,32,
"System.Linq.Enumerable.Where(class System.Collections.Generic.IEnumerable`1<!!0>,class System.Func`2<!!0,bool>)",16,0.07,0x00DF1239,16,13,16,32,
"System.Linq.Enumerable.Where(class System.Collections.Generic.IEnumerable`1<!!0>,class System.Func`2<!!0,bool>)",9,0.04,0x00DF1244,16,13,16,32,
"System.Linq.Enumerable.Where(class System.Collections.Generic.IEnumerable`1<!!0>,class System.Func`2<!!0,bool>)",18,0.08,0x00DF1259,18,13,18,45,
"System.Linq.Enumerable.Where(class System.Collections.Generic.IEnumerable`1<!!0>,class System.Func`2<!!0,bool>)",1,0.00,0x00DF125C,18,13,18,45,
"System.Linq.Enumerable.Where(class System.Collections.Generic.IEnumerable`1<!!0>,class System.Func`2<!!0,bool>)",6,0.03,0x00DF125F,18,13,18,45,
"System.Linq.Enumerable.Where(class System.Collections.Generic.IEnumerable`1<!!0>,class System.Func`2<!!0,bool>)",13,0.05,0x00DF126F,18,13,18,45,
"System.Linq.Enumerable.Where(class System.Collections.Generic.IEnumerable`1<!!0>,class System.Func`2<!!0,bool>)",29,0.12,0x00DF1278,18,13,18,45,
"System.Linq.Enumerable.Where(class System.Collections.Generic.IEnumerable`1<!!0>,class System.Func`2<!!0,bool>)",20,0.08,0x00DF12E0,19,13,19,37,
"System.Linq.Enumerable.Where(class System.Collections.Generic.IEnumerable`1<!!0>,class System.Func`2<!!0,bool>)",19,0.08,0x00DF12F6,19,13,19,37,
"System.Linq.Enumerable.Where(class System.Collections.Generic.IEnumerable`1<!!0>,class System.Func`2<!!0,bool>)",48,0.20,0x00DF12FF,19,13,19,37,
"System.Linq.Enumerable.Where(class System.Collections.Generic.IEnumerable`1<!!0>,class System.Func`2<!!0,bool>)",14,0.06,0x00DF135A,20,13,20,41,
"System.Linq.Enumerable.Where(class System.Collections.Generic.IEnumerable`1<!!0>,class System.Func`2<!!0,bool>)",2,0.01,0x00DF1360,20,13,20,41,
"System.Linq.Enumerable.Where(class System.Collections.Generic.IEnumerable`1<!!0>,class System.Func`2<!!0,bool>)",1,0.00,0x00DF1363,20,13,20,41,
"System.Linq.Enumerable.Where(class System.Collections.Generic.IEnumerable`1<!!0>,class System.Func`2<!!0,bool>)",16,0.07,0x00DF1373,20,13,20,41,
"System.Linq.Enumerable.Where(class System.Collections.Generic.IEnumerable`1<!!0>,class System.Func`2<!!0,bool>)",31,0.13,0x00DF137C,20,13,20,41,
"System.Linq.Enumerable.Where(class System.Collections.Generic.IEnumerable`1<!!0>,class System.Func`2<!!0,bool>)",16,0.07,0x00DF138A,20,42,20,114,
"System.Linq.Enumerable.Where(class System.Collections.Generic.IEnumerable`1<!!0>,class System.Func`2<!!0,bool>)",2,0.01,0x00DF138D,20,42,20,114,
"System.Linq.Enumerable.Where(class System.Collections.Generic.IEnumerable`1<!!0>,class System.Func`2<!!0,bool>)",2,0.01,0x00DF1390,20,42,20,114,
"System.Linq.Enumerable.Where(class System.Collections.Generic.IEnumerable`1<!!0>,class System.Func`2<!!0,bool>)",13,0.05,0x00DF1397,20,42,20,114,
"System.Linq.Enumerable.Where(class System.Collections.Generic.IEnumerable`1<!!0>,class System.Func`2<!!0,bool>)",815,3.40,0x00DF139C,20,42,20,114,
"System.Linq.Enumerable.Where(class System.Collections.Generic.IEnumerable`1<!!0>,class System.Func`2<!!0,bool>)",180,0.75,0x00DF13A3,20,42,20,114,
"System.Linq.Enumerable.Where(class System.Collections.Generic.IEnumerable`1<!!0>,class System.Func`2<!!0,bool>)",2,0.01,0x00DF13AC,20,42,20,114,
"System.Linq.Enumerable.Where(class System.Collections.Generic.IEnumerable`1<!!0>,class System.Func`2<!!0,bool>)",15,0.06,0x00DF13BC,20,42,20,114,
"System.Linq.Enumerable.Where(class System.Collections.Generic.IEnumerable`1<!!0>,class System.Func`2<!!0,bool>)",13,0.05,0x00DF13E7,20,42,20,114,
"System.Linq.Enumerable.Where(class System.Collections.Generic.IEnumerable`1<!!0>,class System.Func`2<!!0,bool>)",2,0.01,0x00DF13EC,20,42,20,114,
"System.Linq.Enumerable.Where(class System.Collections.Generic.IEnumerable`1<!!0>,class System.Func`2<!!0,bool>)",18,0.08,0x00DF13EF,20,42,20,114,
"System.Linq.Enumerable.Where(class System.Collections.Generic.IEnumerable`1<!!0>,class System.Func`2<!!0,bool>)",447,1.87,0x00DF13F5,20,42,20,114,
"System.Linq.Enumerable.Where(class System.Collections.Generic.IEnumerable`1<!!0>,class System.Func`2<!!0,bool>)",20,0.08,0x00DF13FC,21,13,21,76,
"System.Linq.Enumerable.Where(class System.Collections.Generic.IEnumerable`1<!!0>,class System.Func`2<!!0,bool>)",1,0.00,0x00DF13FD,21,13,21,76,
"System.Linq.Enumerable.Where(class System.Collections.Generic.IEnumerable`1<!!0>,class System.Func`2<!!0,bool>)",1,0.00,0x00DF13FF,21,13,21,76,
"System.Linq.Enumerable.WhereListIterator`1.MoveNext()",35,0.15,0x00DF16A9,240,17,240,30,
"System.Linq.Enumerable.WhereListIterator`1.MoveNext()",23,0.10,0x00DF16E2,240,17,240,30,
"System.Net.HttpWebRequest.GetResponse()",23,0.10,0x13A99BCA,"2,056",17,"2,056",32,
"System.Net.WebHeaderCollection.Add(string,string)",1,0.00,0x13A972A8,616,13,616,47,
"System.Net.WebRequest.Create(string)",5,0.02,0x1363FD10,209,13,209,61,
"System.Number.ParseInt32(string,valuetype System.Globalization.NumberStyles,class System.Globalization.NumberFormatInfo)",1,0.00,0x009C66BF,718,13,718,22,
"System.String.Compare(string,string,bool)",10,0.04,0x00DF2C26,"1,952",17,"1,952",110,
"System.String.Compare(string,string,bool)",64,0.27,0x00DF2C3F,"1,954",13,"1,954",100,
"System.String.CompareOrdinal(string,string)",9,0.04,0x0A2F7794,"2,309",13,"2,309",53,
"System.String.Concat(object,object)",1,0.00,0x004EF3FE,"3,221",13,"3,221",61,
"System.String.Concat(object,object)",2,0.01,0x004EF409,"3,221",13,"3,221",61,
"System.String.Concat(object[])",1,0.00,0x0A7E52FE,"3,287",17,"3,287",78,
"System.String.Concat(string,string)",2,0.01,0x004EF5E3,"3,348",13,"3,348",37,
"System.String.Concat(string,string)",7,0.03,0x004EF635,"3,361",13,"3,361",74,
"System.String.Concat(string,string)",39,0.16,0x004EF642,"3,364",13,"3,364",57,
"System.String.Concat(string,string)",7,0.03,0x004EF64E,"3,366",13,"3,366",27,
"System.String.Concat(string,string,string)",1,0.00,0x009C55FC,"3,396",13,"3,396",61,
"System.String.Concat(string,string,string)",1,0.00,0x009C5608,"3,398",13,"3,398",58,
"System.String.Concat(string[])",1,0.00,0x0AE7CBEA,"3,482",13,"3,482",61,
"System.String.IndexOf(char)",7,0.03,0x004E4AB4,"2,440",13,"2,440",51,
"System.String.op_Inequality(string,string)",1,0.00,0x004E6FB5,658,12,658,40,
"System.String.Replace(string,string)",67,0.28,0x0F791EC0,"3,088",13,"3,088",56,
"System.String.Split(char[])",74,0.31,0x009C116D,841,13,841,86,
"System.String.StartsWith(string)",1,0.00,0x0D7358DF,"2,755",13,"2,759",64,
"System.String.Substring(int32,int32)",1,0.00,0x004E0470,"1,141",13,"1,141",75,
"System.String.Substring(int32,int32)",2,0.01,0x004E0474,"1,141",13,"1,141",75,
"System.String.Substring(int32,int32)",27,0.11,0x004E047C,"1,141",13,"1,141",75,
"System.String.ToLower()",2,0.01,0x13FB7C70,"2,844",13,"2,844",61,
"System.String.ToLower()",1,0.00,0x13FB7C74,"2,844",13,"2,844",61,
"System.String.ToLower()",28,0.12,0x13FB7C7B,"2,844",13,"2,844",61,
"System.String.ToLower()",139,0.58,0x13FB7C84,"2,844",13,"2,844",61,
"System.Text.RegularExpressions.MatchCollection.get_Count()",1,0.00,0x1311E5C5,109,17,109,39,
"System.Text.RegularExpressions.MatchEnumerator.MoveNext()",1,0.00,0x1311F0B4,227,13,227,55,
"System.Text.RegularExpressions.Regex..ctor(string,valuetype System.Text.RegularExpressions.RegexOptions)",2,0.01,0x0F89489B,100,9,100,91,
"System.Text.RegularExpressions.Regex.IsMatch(string)",1,0.00,0x0F894F76,505,13,505,100,
"System.Text.UTF8Encoding.GetString(uint8[],int32,int32)",2,0.01,0x0D6ECC8E,457,9,457,10,
"System.Threading.Thread.get_IsAlive()",172,0.72,0x00DF1700,553,19,553,42,
"System.Threading.Thread.get_IsAlive()","9,922",41.43,0x00DF1705,553,19,553,42,
"System.Threading.Thread.Start()",17,0.07,0x13A9ADC9,273,9,273,10,
"System.Web.HttpRequest.get_Params()",5,0.02,0x136378FC,"1,923",21,"1,923",50,
"System.Web.HttpResponse.Redirect(string)",1,0.00,0x131EFFAA,"1,992",13,"1,992",40,
"System.Web.HttpServerVarsCollection.GetValues(string)",2,0.01,0x13196EBD,196,13,196,34,
"System.Web.HttpUtility.HtmlDecode(string)",3,0.01,0x126FA9A7,"1,020",13,"1,020",54,
"System.Web.UI.Control.DataBind()",1,0.00,0x147972E0,"1,526",9,"1,526",10,
"System.Web.UI.DataBinder.Eval(object,string)",3,0.01,0x1479776C,81,13,81,64,
"System.Web.UI.Page.ProcessRequest(class System.Web.HttpContext)",20,0.08,0x1311953F,"3,884",5,"3,884",6,
"System.Web.UI.WebControls.Repeater.DataBind()",2,0.01,0x1479656D,578,9,578,10,
"System.Xml.NameTable.Get(string)",1,0.00,0x072FA8C1,134,17,134,58,
"System.Xml.NameTable.Get(string)",1,0.00,0x072FA915,142,17,142,71,
"System.Xml.Serialization.XmlSerializer..ctor(class System.Type)",13,0.05,0x13B1DAA8,177,9,177,67,
"System.Xml.Serialization.XmlSerializer.Deserialize(class System.IO.Stream)",2,0.01,0x13FB367D,367,13,367,49,
"System.Xml.XmlDocument.LoadXml(string)",7,0.03,0x0A7E2EBF,"1,124",17,"1,124",32,
"System.Xml.XmlNameTable..ctor()",1,0.00,0x02B2CE30,0,0,0,0,
"System.Xml.XPath.XPathNavigator..ctor()",1,0.00,0x00DF2C80,0,0,0,0,
"System.Xml.XPath.XPathNavigator.Select(string)",7,0.03,0x00DF2CDA,"1,000",13,"1,000",64,
"Thread::FillInCrawlFrameFromControlPC(class CrawlFrame *,unsigned long)",1,0.00,0x5B2E097E,795,0,795,0,
"ThreadNative::IsAlive(class ThreadBaseObject *)",1,0.00,0x5B42276B,791,0,791,0,
"Wnlib.Index.lookup(string,class Wnlib.PartOfSpeech)",1,0.00,0x14B72D92,92,29,92,32,
"Wnlib.Index.lookup(string,class Wnlib.PartOfSpeech)",2,0.01,0x14B72D4A,93,5,93,40,
"Wnlib.Index.lookup(string,class Wnlib.PartOfSpeech)",1,0.00,0x14B72D8B,93,5,93,40,
"Wnlib.Index.lookup(string,class Wnlib.PartOfSpeech)",1,0.00,0x14B72DB3,95,3,95,4,
"Wnlib.Pointer..ctor(string)",2,0.01,0x14B74B92,882,3,882,29,
"Wnlib.PointerType.get_ident()",1,0.00,0x14B766C0,665,4,665,5,
"Wnlib.PointerType.get_ident()",1,0.00,0x14B766C6,665,4,665,5,
"Wnlib.PointerType.of(string)",1,0.00,0x00DEFD80,619,3,619,4,
"Wnlib.PointerType.of(string)",1,0.00,0x00DEFDB4,620,4,620,18,
"Wnlib.PointerType.of(string)",1,0.00,0x00DEFDFD,622,4,622,34,
"Wnlib.StrTok.next()",1,0.00,0x14B73C6F,601,11,601,28,
"Wnlib.StrTok.next()",1,0.00,0x14B73C72,601,11,601,28,
"Wnlib.StrTok.next()",4,0.02,0x14B73C7F,601,11,601,28,
"Wnlib.StrTok.next()",1,0.00,0x14B73C11,602,5,602,25,
"Wnlib.StrTok.next()",1,0.00,0x14B73C1E,602,5,602,25,
"Wnlib.StrTok.next()",1,0.00,0x14B73C36,603,6,603,25,
"Wnlib.StrTok.next()",1,0.00,0x14B73C3D,603,6,603,25,
"Wnlib.StrTok.next()",1,0.00,0x14B73C5A,603,6,603,25,
"Wnlib.StrTok.next()",4,0.02,0x14B73C90,605,3,605,4,
"Wnlib.SynSet..ctor(int32,class Wnlib.PartOfSpeech,string,class Wnlib.Search,int32)",2,0.01,0x14B740C6,137,4,137,24,
"Wnlib.SynSet.catword(int32,int32,int32)",1,0.00,0x14B75554,785,4,785,31,
"Wnlib.SynSet.catword(int32,int32,int32)",1,0.00,0x14B75600,793,4,793,27,
"Wnlib.SynSet.deadjify(string)",1,0.00,0x14B757AF,868,4,868,32,
"Wnlib.SynSet.deadjify(string)",1,0.00,0x14B75943,870,20,870,35,
"Wnlib.SynSet.getsearchsense(int32)",1,0.00,0x14B74AD9,997,4,997,41,
"Wnlib.SynSet.getsearchsense(int32)",1,0.00,0x14B74B4F,999,17,999,36,
"Wnlib.SynSet.Parse(string,class Wnlib.PartOfSpeech,string)",1,0.00,0x14B7444C,174,5,174,36,
"Wnlib.SynSet.Parse(string,class Wnlib.PartOfSpeech,string)",1,0.00,0x14B747B8,182,16,182,24,
"Wnlib.SynSet.Parse(string,class Wnlib.PartOfSpeech,string)",1,0.00,0x14B74566,184,5,184,26,
"Wnlib.SynSet.Parse(string,class Wnlib.PartOfSpeech,string)",1,0.00,0x14B746AE,193,5,193,40,
"Wnlib.SynSet.Parse(string,class Wnlib.PartOfSpeech,string)",1,0.00,0x14B74776,196,5,196,27,
"Wnlib.SynSet.Parse(string,class Wnlib.PartOfSpeech,string)",1,0.00,0x14B74780,196,5,196,27,
"Wnlib.SynSet.Parse(string,class Wnlib.PartOfSpeech,string)",2,0.01,0x14B747B4,198,4,198,5,
"Wnlib.SynSet.tracePtrs(class Wnlib.SearchType,class Wnlib.PartOfSpeech,int32)",1,0.00,0x14B75C53,243,5,243,26,
"Wnlib.WNDB.binSearch(string,char,class System.IO.StreamReader)",1,0.00,0x14B737EB,315,3,315,4,
"Wnlib.WNDB.binSearch(string,char,class System.IO.StreamReader)",2,0.01,0x14B73882,325,5,325,30,
"Wnlib.WNDB.binSearch(string,char,class System.IO.StreamReader)",1,0.00,0x14B73888,326,5,326,38,
"Wnlib.WNDB.binSearch(string,char,class System.IO.StreamReader)",1,0.00,0x14B7388B,326,5,326,38,
"Wnlib.WNDB.binSearch(string,char,class System.IO.StreamReader)",2,0.01,0x14B738AF,326,5,326,38,
"Wnlib.WNDB.binSearch(string,char,class System.IO.StreamReader)",1,0.00,0x14B738E8,329,6,329,20,
"Wnlib.WNDB.binSearch(string,char,class System.IO.StreamReader)",1,0.00,0x14B738F4,331,5,331,26,
"Wnlib.WNDB.binSearch(string,char,class System.IO.StreamReader)",1,0.00,0x14B73931,334,5,334,35,
"Wnlib.WNDB.binSearch(string,char,class System.IO.StreamReader)",1,0.00,0x14B73961,336,5,336,32,
"Wnlib.WNDB.binSearch(string,char,class System.IO.StreamReader)",1,0.00,0x14B73973,336,5,336,32,
"Wnlib.WNDB.binSearch(string,char,class System.IO.StreamReader)",1,0.00,0x14B7398E,339,5,339,16,
"Wnlib.WNDB.binSearch(string,char,class System.IO.StreamReader)",1,0.00,0x14B739D7,344,6,344,23,
"Wnlib.WNDB.binSearch(string,char,class System.IO.StreamReader)",1,0.00,0x14B739DE,346,5,346,16,
"Wnlib.WNDB.binSearch(string,char,class System.IO.StreamReader)",1,0.00,0x14B739FB,349,6,349,16,
"Wnlib.WNDB.binSearch(string,char,class System.IO.StreamReader)",1,0.00,0x14B73A07,350,6,350,29,
"Wnlib.WNDB.GetStreamReader(string)",1,0.00,0x14B73478,219,3,219,4,
"WordsMatching.AcronymChecker.ComputeEditDistance(string,string)",1,0.00,0x00DEECFA,31,29,31,35,
"WordsMatching.HierarchicalWordData.Build_WordData()",1,0.00,0x14B70F48,81,13,81,35,
"WordsMatching.HierarchicalWordData.Compute_DepthMatrix()",1,0.00,0x14B789D0,137,26,137,31,
"WordsMatching.HierarchicalWordData.Compute_DepthMatrix()",1,0.00,0x14B78B04,140,30,140,35,
"WordsMatching.HierarchicalWordData.Compute_DepthMatrix()",1,0.00,0x14B78BAE,141,25,141,87,
"WordsMatching.HierarchicalWordData.Compute_DepthMatrix()",1,0.00,0x14B78BE3,141,25,141,87,
"WordsMatching.HierarchicalWordData.Compute_DepthMatrix()",1,0.00,0x14B79382,154,28,154,33,
"WordsMatching.HierarchicalWordData.Compute_DepthMatrix()",1,0.00,0x14B79394,154,28,154,33,
"WordsMatching.HierarchicalWordData.Compute_DepthMatrix()",1,0.00,0x14B79473,154,34,154,36,
"WordsMatching.HierarchicalWordData.Compute_DepthMatrix()",1,0.00,0x14B793BA,155,23,155,65,
"WordsMatching.HierarchicalWordData.GetKey(object,object)",1,0.00,0x14B787E3,124,13,124,63,
"WordsMatching.HierarchicalWordData.GetKey(object,object)",1,0.00,0x14B787EC,124,13,124,63,
"WordsMatching.HierarchicalWordData.GetKey(object,object)",1,0.00,0x14B787F4,124,13,124,63,
"WordsMatching.HierarchicalWordData.GetKey(object,object)",1,0.00,0x14B787FA,124,13,124,63,
"WordsMatching.HierarchicalWordData.GetKey(object,object)",1,0.00,0x14B78817,125,13,125,63,
"WordsMatching.HierarchicalWordData.Walk(class Wnlib.SynSetList,class Wnlib.SynSet,int32)",1,0.00,0x14B783EF,87,39,87,46,
