Function Name,Exclusive Samples,Exclusive Samples %,Inclusive Samples,Inclusive Samples %,Source Line Begin,Source Character Begin,Source Line End,Source Character End,
"__ASP.FastObjectFactory_app_web_h4prl0my.Create_ASP_answers_aspx()",0,0.00,9,0.04,1,13,1,84,
"__EH_epilog3",2,0.01,2,0.01,534,0,534,0,
"__EH_epilog3",1,0.00,1,0.00,541,0,541,0,
"_JIT_WriteBarrierEAX@0",23,0.09,23,0.09,"2,298",0,"2,298",0,
"_JIT_WriteBarrierEBX@0",4,0.02,4,0.02,"2,299",0,"2,299",0,
"_JIT_WriteBarrierEDI@0",1,0.00,1,0.00,"2,302",0,"2,302",0,
"_JIT_WriteBarrierESI@0",2,0.01,2,0.01,"2,301",0,"2,301",0,
"_PreStubWorker@4",0,0.00,6,0.02,747,0,747,0,
"ASP.answers_aspx..ctor()",0,0.00,9,0.04,1,13,1,84,
"ASP.answers_aspx.__BuildControl__control2(class System.Web.UI.Control)",0,0.00,1,0.00,33,13,33,57,
"ASP.answers_aspx.__BuildControl__control3()",0,0.00,1,0.00,41,13,41,81,
"ASP.answers_aspx.__DataBind__control3(object,class System.EventArgs)",0,0.00,2,0.01,41,13,41,176,
"ASP.answers_aspx.__DataBind__control3(object,class System.EventArgs)",0,0.00,2,0.01,48,13,48,182,
"ASP.answers_aspx.__DataBind__control3(object,class System.EventArgs)",0,0.00,1,0.00,49,13,49,179,
"ASP.answers_aspx.__DataBind__control3(object,class System.EventArgs)",1,0.00,3,0.01,53,13,53,179,
"ASP.answers_aspx.__DataBind__control3(object,class System.EventArgs)",0,0.00,3,0.01,67,13,67,179,
"ASP.answers_aspx.ProcessRequest(class System.Web.HttpContext)",0,0.00,"10,627",42.37,1,13,1,84,
"ASP.default_aspx.ProcessRequest(class System.Web.HttpContext)",0,0.00,9,0.04,1,13,1,84,
"BingAnswers._Default.Page_Load(object,class System.EventArgs)",0,0.00,2,0.01,19,13,19,81,
"BingAnswers.Answers..ctor()",0,0.00,9,0.04,17,9,17,74,
"BingAnswers.Answers.<>c__DisplayClassd.<Page_Load>b__0()",0,0.00,164,0.65,42,52,42,72,
"BingAnswers.Answers.<>c__DisplayClassd.<Page_Load>b__1()",0,0.00,9,0.04,49,52,49,72,
"BingAnswers.Answers.<>c__DisplayClassd.<Page_Load>b__2()",0,0.00,647,2.58,56,54,56,76,
"BingAnswers.Answers.<>c__DisplayClassd.<Page_Load>b__3()",0,0.00,7,0.03,63,52,63,72,
"BingAnswers.Answers.<>c__DisplayClassd.<Page_Load>b__4()",0,0.00,9,0.04,69,52,69,72,
"BingAnswers.Answers.<>c__DisplayClassd.<Page_Load>b__5()",0,0.00,158,0.63,75,51,75,71,
"BingAnswers.Answers.<>c__DisplayClassd.<Page_Load>b__6()",0,0.00,"1,103",4.40,81,51,81,71,
"BingAnswers.Answers.<>c__DisplayClassd.<Page_Load>b__7()",0,0.00,728,2.90,87,53,87,74,
"BingAnswers.Answers.<>c__DisplayClassd.<Page_Load>b__8()",0,0.00,"9,854",39.29,99,52,99,72,
"BingAnswers.Answers.GetSource(class BingAnswers.Answer,string)",0,0.00,"12,679",50.55,143,13,143,71,
"BingAnswers.Answers.Page_Load(object,class System.EventArgs)",0,0.00,1,0.00,24,17,24,85,
"BingAnswers.Answers.Page_Load(object,class System.EventArgs)",0,0.00,1,0.00,28,18,28,85,
"BingAnswers.Answers.Page_Load(object,class System.EventArgs)",0,0.00,4,0.02,40,17,40,56,
"BingAnswers.Answers.Page_Load(object,class System.EventArgs)",0,0.00,1,0.00,47,17,47,54,
"BingAnswers.Answers.Page_Load(object,class System.EventArgs)",0,0.00,2,0.01,54,17,54,50,
"BingAnswers.Answers.Page_Load(object,class System.EventArgs)",0,0.00,1,0.00,61,17,61,56,
"BingAnswers.Answers.Page_Load(object,class System.EventArgs)",0,0.00,1,0.00,68,17,68,56,
"BingAnswers.Answers.Page_Load(object,class System.EventArgs)",0,0.00,2,0.01,74,17,74,38,
"BingAnswers.Answers.Page_Load(object,class System.EventArgs)",0,0.00,1,0.00,80,17,80,44,
"BingAnswers.Answers.Page_Load(object,class System.EventArgs)",0,0.00,1,0.00,105,40,105,42,
"BingAnswers.Answers.Page_Load(object,class System.EventArgs)",77,0.31,104,0.41,113,17,113,42,
"BingAnswers.Answers.Page_Load(object,class System.EventArgs)",199,0.79,679,2.71,115,21,115,53,
"BingAnswers.Answers.Page_Load(object,class System.EventArgs)",40,0.16,113,0.45,116,30,116,43,
"BingAnswers.Answers.Page_Load(object,class System.EventArgs)",165,0.66,"1,418",5.65,116,44,116,46,
"BingAnswers.Answers.Page_Load(object,class System.EventArgs)",21,0.08,21,0.08,116,47,116,54,
"BingAnswers.Answers.Page_Load(object,class System.EventArgs)",195,0.78,"6,109",24.36,117,25,117,45,
"BingAnswers.Answers.Page_Load(object,class System.EventArgs)",0,0.00,11,0.04,122,29,122,45,
"BingAnswers.Answers.Page_Load(object,class System.EventArgs)",210,0.84,"1,136",4.53,124,44,124,46,
"BingAnswers.Answers.Page_Load(object,class System.EventArgs)",20,0.08,20,0.08,124,47,124,57,
"BingAnswers.Answers.Page_Load(object,class System.EventArgs)",49,0.20,49,0.20,131,68,131,104,
"BingAnswers.Answers.Page_Load(object,class System.EventArgs)",0,0.00,1,0.00,139,9,139,10,
"BingAnswers.ehow..ctor()",0,0.00,2,0.01,20,9,20,65,
"BingAnswers.ehow.<>c__DisplayClass4.<ParseSearchResult>b__0()",0,0.00,32,0.13,55,54,55,83,
"BingAnswers.ehow.GetAnswer(string)",1,0.00,158,0.63,25,13,25,61,
"BingAnswers.ehow.GetEhowAnswer(class BingAnswers.Answer,class System.Collections.Generic.List`1<class BingAnswers.Answer>)",0,0.00,30,0.12,79,13,79,91,
"BingAnswers.ehow.GetEhowAnswer(class BingAnswers.Answer,class System.Collections.Generic.List`1<class BingAnswers.Answer>)",0,0.00,1,0.00,83,42,83,87,
"BingAnswers.ehow.GetEhowAnswer(class BingAnswers.Answer,class System.Collections.Generic.List`1<class BingAnswers.Answer>)",0,0.00,1,0.00,89,13,89,114,
"BingAnswers.ehow.ParseSearchResult(class System.IO.Stream,string)",0,0.00,1,0.00,41,13,41,123,
"BingAnswers.ehow.ParseSearchResult(class System.IO.Stream,string)",1,0.00,1,0.00,60,13,60,38,
"BingAnswers.ehow.ParseSearchResult(class System.IO.Stream,string)",2,0.01,7,0.03,62,17,62,62,
"BingAnswers.ehow.ParseSearchResult(class System.IO.Stream,string)",0,0.00,2,0.01,63,26,63,39,
"BingAnswers.ehow.ParseSearchResult(class System.IO.Stream,string)",4,0.02,51,0.20,63,40,63,42,
"BingAnswers.ehow.ParseSearchResult(class System.IO.Stream,string)",4,0.02,74,0.30,64,21,64,40,
"BingAnswers.ehow.ParseSearchResult(class System.IO.Stream,string)",1,0.00,1,0.00,66,17,66,38,
"BingAnswers.ehow.sendBingSearchRequest(string)",0,0.00,9,0.04,30,13,30,78,
"BingAnswers.MSDNForum..ctor()",0,0.00,2,0.01,19,9,19,65,
"BingAnswers.MSDNForum.<>c__DisplayClass4.<ParseResponse>b__0()",0,0.00,9,0.04,53,54,53,92,
"BingAnswers.MSDNForum.FetchAnswer(string,class System.Collections.Generic.List`1<class BingAnswers.Answer>)",0,0.00,9,0.04,77,13,77,38,
"BingAnswers.MSDNForum.GetAnswer(string)",0,0.00,3,0.01,25,13,25,50,
"BingAnswers.MSDNForum.GetAnswer(string)",22,0.09,644,2.57,26,13,26,28,
"BingAnswers.MSDNForum.ParseAnswer(string)",0,0.00,8,0.03,89,17,89,99,
"BingAnswers.MSDNForum.ParseAnswer(string)",0,0.00,1,0.00,90,17,90,99,
"BingAnswers.MSDNForum.ParseResponse(string)",0,0.00,1,0.00,55,21,55,41,
"BingAnswers.MSDNForum.ParseResponse(string)",3,0.01,3,0.01,60,13,60,38,
"BingAnswers.MSDNForum.ParseResponse(string)",11,0.04,27,0.11,62,17,62,62,
"BingAnswers.MSDNForum.ParseResponse(string)",5,0.02,9,0.04,63,26,63,39,
"BingAnswers.MSDNForum.ParseResponse(string)",19,0.08,207,0.83,63,40,63,42,
"BingAnswers.MSDNForum.ParseResponse(string)",9,0.04,317,1.26,64,21,64,40,
"BingAnswers.MSDNForum.ParseResponse(string)",4,0.02,4,0.02,66,17,66,38,
"BingAnswers.MSDNForum.SendRequest(string)",0,0.00,3,0.01,32,13,32,50,
"BingAnswers.Quora.<>c__DisplayClass3.<ParseSearchResult>b__0()",0,0.00,"1,528",6.09,51,50,51,81,
"BingAnswers.Quora.GetAnswer(string)",525,2.09,"9,854",39.29,23,13,23,61,
"BingAnswers.Quora.GetQuoraAnswer(class BingAnswers.Answer,class System.Collections.Generic.List`1<class BingAnswers.Answer>)",0,0.00,938,3.74,77,17,77,112,
"BingAnswers.Quora.GetQuoraAnswer(class BingAnswers.Answer,class System.Collections.Generic.List`1<class BingAnswers.Answer>)",0,0.00,278,1.11,78,17,78,153,
"BingAnswers.Quora.GetQuoraAnswer(class BingAnswers.Answer,class System.Collections.Generic.List`1<class BingAnswers.Answer>)",0,0.00,280,1.12,79,17,79,174,
"BingAnswers.Quora.GetQuoraAnswer(class BingAnswers.Answer,class System.Collections.Generic.List`1<class BingAnswers.Answer>)",0,0.00,32,0.13,81,43,81,128,
"BingAnswers.Quora.ParseSearchResult(class System.IO.Stream,string)",0,0.00,6,0.02,39,13,39,121,
"BingAnswers.Quora.ParseSearchResult(class System.IO.Stream,string)",12,0.05,12,0.05,51,50,51,81,
"BingAnswers.Quora.ParseSearchResult(class System.IO.Stream,string)",56,0.22,71,0.28,56,13,56,38,
"BingAnswers.Quora.ParseSearchResult(class System.IO.Stream,string)",169,0.67,487,1.94,58,17,58,62,
"BingAnswers.Quora.ParseSearchResult(class System.IO.Stream,string)",22,0.09,71,0.28,59,26,59,39,
"BingAnswers.Quora.ParseSearchResult(class System.IO.Stream,string)",154,0.61,"2,690",10.73,59,40,59,42,
"BingAnswers.Quora.ParseSearchResult(class System.IO.Stream,string)",133,0.53,"5,351",21.33,60,21,60,40,
"BingAnswers.Quora.ParseSearchResult(class System.IO.Stream,string)",17,0.07,17,0.07,62,17,62,38,
"BingAnswers.Quora.sendBingSearchRequest(string)",0,0.00,11,0.04,28,13,28,78,
"BingAnswers.Ranker.GetFeatures(class BingAnswers.Answer)",0,0.00,1,0.00,25,13,25,133,
"BingAnswers.StackOverflow..ctor()",0,0.00,4,0.02,21,9,21,65,
"BingAnswers.StackOverflow.<>c__DisplayClass3.<ParseResponse>b__0()",0,0.00,1,0.00,57,54,57,90,
"BingAnswers.StackOverflow.FetchAnswer(string,class System.Collections.Generic.List`1<class BingAnswers.Answer>)",0,0.00,1,0.00,82,13,82,98,
"BingAnswers.StackOverflow.GetAnswer(string)",0,0.00,8,0.03,27,13,27,37,
"BingAnswers.StackOverflow.GetAnswer(string)",2,0.01,156,0.62,29,17,29,54,
"BingAnswers.StackOverflow.ParseResponse(string)",1,0.00,1,0.00,57,54,57,90,
"BingAnswers.StackOverflow.ParseResponse(string)",3,0.01,3,0.01,65,13,65,38,
"BingAnswers.StackOverflow.ParseResponse(string)",3,0.01,12,0.05,67,17,67,62,
"BingAnswers.StackOverflow.ParseResponse(string)",0,0.00,2,0.01,68,26,68,39,
"BingAnswers.StackOverflow.ParseResponse(string)",6,0.02,53,0.21,68,40,68,42,
"BingAnswers.StackOverflow.ParseResponse(string)",3,0.01,72,0.29,69,21,69,40,
"BingAnswers.StackOverflow.SendRequest(string)",0,0.00,8,0.03,37,13,37,50,
"BingAnswers.TrueKnowledge..ctor()",0,0.00,1,0.00,15,9,15,65,
"BingAnswers.TrueKnowledge.GetAnswer(string)",0,0.00,9,0.04,21,13,21,37,
"BingAnswers.TrueKnowledge.SendRequest(string)",0,0.00,9,0.04,31,13,31,50,
"BingAnswers.Util.CosineDistance(string[],string[])",0,0.00,1,0.00,239,21,239,57,
"BingAnswers.Util.MakeWebRequest(string)",0,0.00,18,0.07,135,21,135,85,
"BingAnswers.Util.MakeWebRequest(string)",0,0.00,4,0.02,138,21,138,150,
"BingAnswers.Util.MakeWebRequest(string)",0,0.00,6,0.02,142,21,142,87,
"BingAnswers.Util.MakeWebRequestStream(string)",0,0.00,27,0.11,163,21,163,85,
"BingAnswers.Util.MakeWebRequestStream(string)",0,0.00,6,0.02,166,21,166,150,
"BingAnswers.Util.MakeWebRequestStream(string)",0,0.00,14,0.06,170,21,170,87,
"BingAnswers.WikiAnswers.<>c__DisplayClass3.<ParseSearchResult>b__0()",0,0.00,35,0.14,52,50,52,80,
"BingAnswers.WikiAnswers.GetAnswer(string)",25,0.10,728,2.90,24,13,24,61,
"BingAnswers.WikiAnswers.GetWikiAnswer(class BingAnswers.Answer,class System.Collections.Generic.List`1<class BingAnswers.Answer>)",0,0.00,1,0.00,71,13,71,72,
"BingAnswers.WikiAnswers.GetWikiAnswer(class BingAnswers.Answer,class System.Collections.Generic.List`1<class BingAnswers.Answer>)",0,0.00,34,0.14,76,13,76,102,
"BingAnswers.WikiAnswers.ParseSearchResult(class System.IO.Stream,string)",0,0.00,1,0.00,40,13,40,121,
"BingAnswers.WikiAnswers.ParseSearchResult(class System.IO.Stream,string)",2,0.01,2,0.01,52,50,52,80,
"BingAnswers.WikiAnswers.ParseSearchResult(class System.IO.Stream,string)",0,0.00,1,0.00,54,17,54,37,
"BingAnswers.WikiAnswers.ParseSearchResult(class System.IO.Stream,string)",4,0.02,5,0.02,57,13,57,38,
"BingAnswers.WikiAnswers.ParseSearchResult(class System.IO.Stream,string)",12,0.05,29,0.12,59,17,59,62,
"BingAnswers.WikiAnswers.ParseSearchResult(class System.IO.Stream,string)",2,0.01,9,0.04,60,26,60,39,
"BingAnswers.WikiAnswers.ParseSearchResult(class System.IO.Stream,string)",17,0.07,235,0.94,60,40,60,42,
"BingAnswers.WikiAnswers.ParseSearchResult(class System.IO.Stream,string)",25,0.10,356,1.42,61,21,61,40,
"BingAnswers.WikiAnswers.ParseSearchResult(class System.IO.Stream,string)",2,0.01,2,0.01,63,17,63,38,
"BingAnswers.WikiAnswers.sendBingSearchRequest(string)",0,0.00,7,0.03,29,13,29,78,
"BingAnswers.WikiHow..ctor()",0,0.00,1,0.00,20,9,20,65,
"BingAnswers.WikiHow.<>c__DisplayClass3.<ParseSearchResult>b__0()",0,0.00,80,0.32,52,50,52,83,
"BingAnswers.WikiHow.GetAnswer(string)",14,0.06,"1,103",4.40,24,13,24,61,
"BingAnswers.WikiHow.GetWikihowAnswer(class BingAnswers.Answer,class System.Collections.Generic.List`1<class BingAnswers.Answer>)",0,0.00,1,0.00,71,13,71,72,
"BingAnswers.WikiHow.GetWikihowAnswer(class BingAnswers.Answer,class System.Collections.Generic.List`1<class BingAnswers.Answer>)",0,0.00,76,0.30,76,13,76,36,
"BingAnswers.WikiHow.GetWikihowAnswer(class BingAnswers.Answer,class System.Collections.Generic.List`1<class BingAnswers.Answer>)",0,0.00,2,0.01,77,13,77,78,
"BingAnswers.WikiHow.GetWikihowAnswer(class BingAnswers.Answer,class System.Collections.Generic.List`1<class BingAnswers.Answer>)",0,0.00,1,0.00,79,39,79,115,
"BingAnswers.WikiHow.ParseSearchResult(class System.IO.Stream,string)",0,0.00,1,0.00,39,13,39,71,
"BingAnswers.WikiHow.ParseSearchResult(class System.IO.Stream,string)",0,0.00,2,0.01,40,13,40,121,
"BingAnswers.WikiHow.ParseSearchResult(class System.IO.Stream,string)",2,0.01,2,0.01,52,50,52,83,
"BingAnswers.WikiHow.ParseSearchResult(class System.IO.Stream,string)",0,0.00,1,0.00,54,17,54,37,
"BingAnswers.WikiHow.ParseSearchResult(class System.IO.Stream,string)",3,0.01,4,0.02,57,13,57,38,
"BingAnswers.WikiHow.ParseSearchResult(class System.IO.Stream,string)",16,0.06,52,0.21,59,17,59,62,
"BingAnswers.WikiHow.ParseSearchResult(class System.IO.Stream,string)",9,0.04,15,0.06,60,26,60,39,
"BingAnswers.WikiHow.ParseSearchResult(class System.IO.Stream,string)",23,0.09,317,1.26,60,40,60,42,
"BingAnswers.WikiHow.ParseSearchResult(class System.IO.Stream,string)",18,0.07,609,2.43,61,21,61,40,
"BingAnswers.WikiHow.ParseSearchResult(class System.IO.Stream,string)",1,0.00,1,0.00,63,17,63,38,
"BingAnswers.WikiHow.sendBingSearchRequest(string)",0,0.00,11,0.04,29,13,29,78,
"BingAnswers.WolframeAlpha..ctor()",0,0.00,1,0.00,14,9,14,65,
"BingAnswers.WolframeAlpha.GetAnswer(string)",0,0.00,7,0.03,20,13,20,37,
"BingAnswers.WolframeAlpha.SendRequest(string)",0,0.00,7,0.03,30,13,30,50,
"BingAnswers.YahooAnswers..ctor()",0,0.00,1,0.00,20,9,20,65,
"BingAnswers.YahooAnswers.GetAnswer(string)",0,0.00,9,0.04,26,13,26,71,
"BingAnswers.YahooAnswers.ParseQuestionResponse(class System.IO.Stream)",0,0.00,1,0.00,80,17,80,59,
"BingAnswers.YahooAnswers.ParseQuestionResponse(class System.IO.Stream)",0,0.00,1,0.00,105,21,105,41,
"BingAnswers.YahooAnswers.sendQuestionSearchRequest(string)",0,0.00,7,0.03,57,13,57,81,
"BingAnswers.YahooAnswers.sendRequest(string)",0,0.00,7,0.03,70,13,70,58,
"HtmlAgilityPack.HtmlAttribute.get_Name()",0,0.00,23,0.09,74,17,74,40,
"HtmlAgilityPack.HtmlAttribute.get_Value()",0,0.00,1,0.00,141,21,141,93,
"HtmlAgilityPack.HtmlAttribute.set_QuoteType(valuetype HtmlAgilityPack.AttributeValueQuote)",1,0.00,1,0.00,121,19,121,38,
"HtmlAgilityPack.HtmlAttributeCollection..ctor(class HtmlAgilityPack.HtmlNode)",0,0.00,1,0.00,15,9,15,104,
"HtmlAgilityPack.HtmlAttributeCollection.Append(class HtmlAgilityPack.HtmlAttribute)",0,0.00,8,0.03,212,13,212,57,
"HtmlAgilityPack.HtmlAttributeCollection.Append(class HtmlAgilityPack.HtmlAttribute)",0,0.00,11,0.04,213,13,213,50,
"HtmlAgilityPack.HtmlAttributeCollection.get_Count()",2,0.01,2,0.01,57,19,57,38,
"HtmlAgilityPack.HtmlAttributeCollection.get_Item(int32)",0,0.00,1,0.00,73,19,73,39,
"HtmlAgilityPack.HtmlAttributeCollection.get_Item(string)",0,0.00,16,0.06,43,17,43,97,
"HtmlAgilityPack.HtmlDocument..ctor()",2,0.01,50,0.20,28,9,28,57,
"HtmlAgilityPack.HtmlDocument..ctor()",4,0.02,13,0.05,36,9,36,80,
"HtmlAgilityPack.HtmlDocument..ctor()",1,0.00,5,0.02,69,9,69,72,
"HtmlAgilityPack.HtmlDocument..ctor()",2,0.01,2,0.01,83,9,83,64,
"HtmlAgilityPack.HtmlDocument..ctor()",11,0.04,28,0.11,150,13,150,66,
"HtmlAgilityPack.HtmlDocument..ctor()",2,0.01,3,0.01,151,9,151,10,
"HtmlAgilityPack.HtmlDocument.CloseCurrentNode()",1,0.00,1,0.00,"1,031",13,"1,031",37,
"HtmlAgilityPack.HtmlDocument.CloseCurrentNode()",0,0.00,13,0.05,"1,037",13,"1,037",69,
"HtmlAgilityPack.HtmlDocument.CloseCurrentNode()",0,0.00,1,0.00,"1,062",29,"1,062",59,
"HtmlAgilityPack.HtmlDocument.CloseCurrentNode()",0,0.00,9,0.04,"1,131",21,"1,131",76,
"HtmlAgilityPack.HtmlDocument.CloseCurrentNode()",1,0.00,19,0.08,"1,138",13,"1,138",24,
"HtmlAgilityPack.HtmlDocument.CloseCurrentNode()",0,0.00,11,0.04,"1,140",17,"1,142",48,
"HtmlAgilityPack.HtmlDocument.CreateAttribute()",1,0.00,1,0.00,918,13,918,44,
"HtmlAgilityPack.HtmlDocument.CreateNode(valuetype HtmlAgilityPack.HtmlNodeType,int32)",2,0.01,2,0.01,928,13,928,26,
"HtmlAgilityPack.HtmlDocument.CreateNode(valuetype HtmlAgilityPack.HtmlNodeType,int32)",0,0.00,2,0.01,934,21,934,58,
"HtmlAgilityPack.HtmlDocument.CreateNode(valuetype HtmlAgilityPack.HtmlNodeType,int32)",2,0.01,25,0.10,937,21,937,60,
"HtmlAgilityPack.HtmlDocument.CurrentNodeName()",0,0.00,1,0.00,"1,166",13,"1,166",92,
"HtmlAgilityPack.HtmlDocument.IncrementPosition()",5,0.02,5,0.02,"1,277",13,"1,277",32,
"HtmlAgilityPack.HtmlDocument.IncrementPosition()",2,0.01,2,0.01,"1,283",13,"1,283",22,
"HtmlAgilityPack.HtmlDocument.IncrementPosition()",5,0.02,5,0.02,"1,284",13,"1,284",46,
"HtmlAgilityPack.HtmlDocument.IncrementPosition()",1,0.00,1,0.00,"1,287",17,"1,287",35,
"HtmlAgilityPack.HtmlDocument.IncrementPosition()",1,0.00,1,0.00,"1,294",9,"1,294",10,
"HtmlAgilityPack.HtmlDocument.IsWhiteSpace(int32)",1,0.00,1,0.00,312,13,312,65,
"HtmlAgilityPack.HtmlDocument.IsWhiteSpace(int32)",1,0.00,1,0.00,316,13,316,26,
"HtmlAgilityPack.HtmlDocument.Load(class System.IO.Stream)",0,0.00,"1,062",4.23,588,9,588,10,
"HtmlAgilityPack.HtmlDocument.Load(class System.IO.TextReader)",0,0.00,21,0.08,767,13,767,40,
"HtmlAgilityPack.HtmlDocument.Load(class System.IO.TextReader)",0,0.00,"1,039",4.14,771,13,771,35,
"HtmlAgilityPack.HtmlDocument.Load(class System.IO.TextReader)",2,0.01,2,0.01,773,26,773,39,
"HtmlAgilityPack.HtmlDocument.NewCheck()",1,0.00,1,0.00,"1,298",13,"1,298",27,
"HtmlAgilityPack.HtmlDocument.NewCheck()",1,0.00,1,0.00,"1,300",17,"1,300",30,
"HtmlAgilityPack.HtmlDocument.NewCheck()",1,0.00,1,0.00,"1,302",13,"1,302",39,
"HtmlAgilityPack.HtmlDocument.NewCheck()",1,0.00,1,0.00,"1,304",17,"1,304",42,
"HtmlAgilityPack.HtmlDocument.NewCheck()",0,0.00,12,0.05,"1,327",13,"1,327",48,
"HtmlAgilityPack.HtmlDocument.NewCheck()",0,0.00,12,0.05,"1,358",13,"1,358",25,
"HtmlAgilityPack.HtmlDocument.Parse()",4,0.02,4,0.02,"1,389",13,"1,389",42,
"HtmlAgilityPack.HtmlDocument.Parse()",8,0.03,8,0.03,"1,391",17,"1,391",36,
"HtmlAgilityPack.HtmlDocument.Parse()",1,0.00,1,0.00,"1,392",17,"1,392",37,
"HtmlAgilityPack.HtmlDocument.Parse()",3,0.01,17,0.07,"1,394",17,"1,394",32,
"HtmlAgilityPack.HtmlDocument.Parse()",1,0.00,29,0.12,"1,397",25,"1,397",40,
"HtmlAgilityPack.HtmlDocument.Parse()",0,0.00,2,0.01,"1,419",25,"1,419",46,
"HtmlAgilityPack.HtmlDocument.Parse()",0,0.00,56,0.22,"1,440",29,"1,440",61,
"HtmlAgilityPack.HtmlDocument.Parse()",0,0.00,1,0.00,"1,449",29,"1,449",70,
"HtmlAgilityPack.HtmlDocument.Parse()",2,0.01,2,0.01,"1,454",25,"1,454",40,
"HtmlAgilityPack.HtmlDocument.Parse()",0,0.00,58,0.23,"1,468",29,"1,468",61,
"HtmlAgilityPack.HtmlDocument.Parse()",1,0.00,4,0.02,"1,483",25,"1,483",59,
"HtmlAgilityPack.HtmlDocument.Parse()",0,0.00,11,0.04,"1,492",29,"1,492",60,
"HtmlAgilityPack.HtmlDocument.Parse()",0,0.00,1,0.00,"1,502",29,"1,502",70,
"HtmlAgilityPack.HtmlDocument.Parse()",2,0.01,2,0.01,"1,509",25,"1,509",40,
"HtmlAgilityPack.HtmlDocument.Parse()",0,0.00,22,0.09,"1,521",29,"1,521",70,
"HtmlAgilityPack.HtmlDocument.Parse()",0,0.00,1,0.00,"1,582",29,"1,582",44,
"HtmlAgilityPack.HtmlDocument.Parse()",1,0.00,1,0.00,"1,632",25,"1,632",45,
"HtmlAgilityPack.HtmlDocument.Parse()",1,0.00,1,0.00,"1,634",29,"1,634",63,
"HtmlAgilityPack.HtmlDocument.Parse()",0,0.00,1,0.00,"1,635",29,"1,635",67,
"HtmlAgilityPack.HtmlDocument.Parse()",0,0.00,1,0.00,"1,663",29,"1,663",61,
"HtmlAgilityPack.HtmlDocument.Parse()",3,0.01,3,0.01,"1,707",25,"1,707",93,
"HtmlAgilityPack.HtmlDocument.Parse()",26,0.10,810,3.23,"1,709",29,"1,710",85,
"HtmlAgilityPack.HtmlDocument.PushAttributeNameEnd(int32)",1,0.00,3,0.01,"1,748",13,"1,748",63,
"HtmlAgilityPack.HtmlDocument.PushAttributeNameEnd(int32)",0,0.00,19,0.08,"1,749",9,"1,749",10,
"HtmlAgilityPack.HtmlDocument.PushAttributeNameStart(int32)",0,0.00,1,0.00,"1,753",13,"1,753",51,
"HtmlAgilityPack.HtmlDocument.PushAttributeNameStart(int32)",0,0.00,1,0.00,"1,754",13,"1,754",55,
"HtmlAgilityPack.HtmlDocument.PushAttributeNameStart(int32)",1,0.00,1,0.00,"1,755",13,"1,755",44,
"HtmlAgilityPack.HtmlDocument.PushAttributeValueEnd(int32)",1,0.00,1,0.00,"1,762",13,"1,762",89,
"HtmlAgilityPack.HtmlDocument.PushAttributeValueStart(int32,int32)",0,0.00,1,0.00,"1,775",9,"1,775",10,
"HtmlAgilityPack.HtmlDocument.PushNodeEnd(int32,bool)",1,0.00,1,0.00,"1,781",13,"1,782",66,
"HtmlAgilityPack.HtmlDocument.PushNodeEnd(int32,bool)",0,0.00,12,0.05,"1,791",25,"1,791",67,
"HtmlAgilityPack.HtmlDocument.PushNodeEnd(int32,bool)",1,0.00,27,0.11,"1,805",21,"1,805",56,
"HtmlAgilityPack.HtmlDocument.PushNodeEnd(int32,bool)",0,0.00,9,0.04,"1,808",21,"1,808",77,
"HtmlAgilityPack.HtmlDocument.PushNodeEnd(int32,bool)",0,0.00,7,0.03,"1,810",21,"1,810",66,
"HtmlAgilityPack.HtmlDocument.PushNodeEnd(int32,bool)",0,0.00,1,0.00,"1,813",21,"1,814",73,
"HtmlAgilityPack.HtmlDocument.PushNodeEnd(int32,bool)",0,0.00,9,0.04,"1,819",21,"1,819",68,
"HtmlAgilityPack.HtmlDocument.PushNodeEnd(int32,bool)",0,0.00,18,0.07,"1,825",21,"1,826",70,
"HtmlAgilityPack.HtmlDocument.PushNodeEnd(int32,bool)",0,0.00,54,0.22,"1,845",13,"1,845",25,
"HtmlAgilityPack.HtmlDocument.PushNodeStart(valuetype HtmlAgilityPack.HtmlNodeType,int32)",2,0.01,16,0.06,"1,865",13,"1,865",52,
"HtmlAgilityPack.HtmlDocument.ReadDocumentEncoding(class HtmlAgilityPack.HtmlNode)",0,0.00,2,0.01,"1,885",13,"1,885",37,
"HtmlAgilityPack.HtmlDocument.SetIdForNode(class HtmlAgilityPack.HtmlNode,string)",0,0.00,9,0.04,993,17,993,47,
"HtmlAgilityPack.HtmlDocument.SetIdForNode(class HtmlAgilityPack.HtmlNode,string)",0,0.00,6,0.02,995,9,995,10,
"HtmlAgilityPack.HtmlNameTable..ctor()",11,0.04,34,0.14,10,9,10,56,
"HtmlAgilityPack.HtmlNameTable.Get(string)",1,0.00,7,0.03,28,13,28,42,
"HtmlAgilityPack.HtmlNameTable.GetOrAdd(string)",2,0.01,2,0.01,42,13,42,35,
"HtmlAgilityPack.HtmlNameTable.GetOrAdd(string)",1,0.00,8,0.03,43,13,43,27,
"HtmlAgilityPack.HtmlNode..ctor(valuetype HtmlAgilityPack.HtmlNodeType,class HtmlAgilityPack.HtmlDocument,int32)",1,0.00,1,0.00,124,9,124,82,
"HtmlAgilityPack.HtmlNode..ctor(valuetype HtmlAgilityPack.HtmlNodeType,class HtmlAgilityPack.HtmlDocument,int32)",0,0.00,2,0.01,128,13,128,38,
"HtmlAgilityPack.HtmlNode..ctor(valuetype HtmlAgilityPack.HtmlNodeType,class HtmlAgilityPack.HtmlDocument,int32)",2,0.01,2,0.01,138,21,138,53,
"HtmlAgilityPack.HtmlNode..ctor(valuetype HtmlAgilityPack.HtmlNodeType,class HtmlAgilityPack.HtmlDocument,int32)",2,0.01,3,0.01,139,21,139,37,
"HtmlAgilityPack.HtmlNode..ctor(valuetype HtmlAgilityPack.HtmlNodeType,class HtmlAgilityPack.HtmlDocument,int32)",1,0.00,2,0.01,148,13,148,53,
"HtmlAgilityPack.HtmlNode..ctor(valuetype HtmlAgilityPack.HtmlNodeType,class HtmlAgilityPack.HtmlDocument,int32)",2,0.01,10,0.04,162,13,162,96,
"HtmlAgilityPack.HtmlNode.AppendChild(class HtmlAgilityPack.HtmlNode)",0,0.00,1,0.00,767,13,767,41,
"HtmlAgilityPack.HtmlNode.AppendChild(class HtmlAgilityPack.HtmlNode)",0,0.00,22,0.09,768,13,768,69,
"HtmlAgilityPack.HtmlNode.AppendChild(class HtmlAgilityPack.HtmlNode)",0,0.00,15,0.06,769,13,769,34,
"HtmlAgilityPack.HtmlNode.AppendChild(class HtmlAgilityPack.HtmlNode)",1,0.00,1,0.00,771,13,771,29,
"HtmlAgilityPack.HtmlNode.CloseNode(class HtmlAgilityPack.HtmlNode)",1,0.00,4,0.02,"1,782",45,"1,782",47,
"HtmlAgilityPack.HtmlNode.CloseNode(class HtmlAgilityPack.HtmlNode)",0,0.00,3,0.01,"1,782",48,"1,782",59,
"HtmlAgilityPack.HtmlNode.CloseNode(class HtmlAgilityPack.HtmlNode)",0,0.00,11,0.04,"1,804",17,"1,804",77,
"HtmlAgilityPack.HtmlNode.get_Attributes()",2,0.01,7,0.03,179,17,179,36,
"HtmlAgilityPack.HtmlNode.get_Attributes()",0,0.00,1,0.00,181,21,181,69,
"HtmlAgilityPack.HtmlNode.get_Attributes()",0,0.00,1,0.00,183,17,183,36,
"HtmlAgilityPack.HtmlNode.get_ChildNodes()",1,0.00,1,0.00,199,17,199,36,
"HtmlAgilityPack.HtmlNode.get_HasAttributes()",1,0.00,1,0.00,254,17,254,41,
"HtmlAgilityPack.HtmlNode.get_HasAttributes()",1,0.00,3,0.01,259,17,259,44,
"HtmlAgilityPack.HtmlNode.get_HasAttributes()",1,0.00,1,0.00,263,17,263,29,
"HtmlAgilityPack.HtmlNode.get_HasChildNodes()",9,0.04,12,0.05,279,17,279,44,
"HtmlAgilityPack.HtmlNode.get_InnerText()",0,0.00,1,0.00,402,21,402,41,
"HtmlAgilityPack.HtmlNode.get_InnerText()",0,0.00,1,0.00,404,17,404,26,
"HtmlAgilityPack.HtmlNode.get_Name()",2,0.01,2,0.01,444,17,444,35,
"HtmlAgilityPack.HtmlNode.get_Name()",0,0.00,1,0.00,446,21,446,89,
"HtmlAgilityPack.HtmlNode.get_Name()",11,0.04,448,1.79,448,17,448,71,
"HtmlAgilityPack.HtmlNode.get_NextSibling()",11,0.04,11,0.04,458,19,458,36,
"HtmlAgilityPack.HtmlNode.get_NodeType()",2,0.01,2,0.01,467,19,467,36,
"HtmlAgilityPack.HtmlNode.get_OuterHtml()",0,0.00,1,0.00,503,17,503,87,
"HtmlAgilityPack.HtmlNode.get_ParentNode()",21,0.08,21,0.08,521,19,521,38,
"HtmlAgilityPack.HtmlNode.GetId()",0,0.00,1,0.00,"1,825",13,"1,825",50,
"HtmlAgilityPack.HtmlNode.GetId()",0,0.00,16,0.06,"1,826",13,"1,826",29,
"HtmlAgilityPack.HtmlNode.IsCDataElement(string)",1,0.00,1,0.00,613,13,613,30,
"HtmlAgilityPack.HtmlNode.IsCDataElement(string)",0,0.00,7,0.03,618,13,618,57,
"HtmlAgilityPack.HtmlNode.IsClosedElement(string)",0,0.00,10,0.04,638,13,638,57,
"HtmlAgilityPack.HtmlNode.IsEmptyElement(string)",0,0.00,7,0.03,675,13,675,57,
"HtmlAgilityPack.HtmlNode.SelectNodes(string)",0,0.00,596,2.38,"1,424",13,"1,424",54,
"HtmlAgilityPack.HtmlNode.SelectNodes(string)",0,0.00,11,0.04,"1,425",13,"1,425",34,
"HtmlAgilityPack.HtmlNode.SelectSingleNode(string)",0,0.00,3,0.01,"1,451",13,"1,451",32,
"HtmlAgilityPack.HtmlNode.set_Name(string)",0,0.00,1,0.00,450,34,450,35,
"HtmlAgilityPack.HtmlNodeCollection.Append(class HtmlAgilityPack.HtmlNode)",0,0.00,5,0.02,308,13,308,35,
"HtmlAgilityPack.HtmlNodeCollection.Append(class HtmlAgilityPack.HtmlNode)",0,0.00,1,0.00,309,13,309,35,
"HtmlAgilityPack.HtmlNodeCollection.get_Count()",3,0.01,3,0.01,80,19,80,39,
"HtmlAgilityPack.HtmlNodeCollection.get_Item(int32)",1,0.00,2,0.01,96,19,96,40,
"HtmlAgilityPack.HtmlNodeCollection.System.Collections.Generic.IEnumerable<HtmlAgilityPack.HtmlNode>.GetEnumerator()",1,0.00,3,0.01,149,13,149,43,
"HtmlAgilityPack.HtmlNodeNavigator..ctor(class HtmlAgilityPack.HtmlNodeNavigator)",9,0.04,143,0.57,20,9,20,56,
"HtmlAgilityPack.HtmlNodeNavigator..ctor(class HtmlAgilityPack.HtmlNodeNavigator)",8,0.03,45,0.18,21,9,21,64,
"HtmlAgilityPack.HtmlNodeNavigator..ctor(class HtmlAgilityPack.HtmlNodeNavigator)",2,0.01,6,0.02,53,13,53,29,
"HtmlAgilityPack.HtmlNodeNavigator..ctor(class HtmlAgilityPack.HtmlNodeNavigator)",0,0.00,2,0.01,60,13,60,45,
"HtmlAgilityPack.HtmlNodeNavigator..ctor(class HtmlAgilityPack.HtmlNodeNavigator)",2,0.01,4,0.02,61,13,61,39,
"HtmlAgilityPack.HtmlNodeNavigator..ctor(class HtmlAgilityPack.HtmlNodeNavigator)",1,0.00,3,0.01,63,9,63,10,
"HtmlAgilityPack.HtmlNodeNavigator.Clone()",18,0.07,221,0.88,428,13,428,48,
"HtmlAgilityPack.HtmlNodeNavigator.get_HasAttributes()",1,0.00,4,0.02,230,17,230,60,
"HtmlAgilityPack.HtmlNodeNavigator.get_LocalName()",0,0.00,17,0.07,269,21,269,89,
"HtmlAgilityPack.HtmlNodeNavigator.get_LocalName()",1,0.00,53,0.21,272,17,272,63,
"HtmlAgilityPack.HtmlNodeNavigator.get_NodeType()",6,0.02,8,0.03,320,17,320,47,
"HtmlAgilityPack.HtmlNodeNavigator.get_NodeType()",1,0.00,1,0.00,332,25,332,51,
"HtmlAgilityPack.HtmlNodeNavigator.get_NodeType()",2,0.01,2,0.01,336,29,336,49,
"HtmlAgilityPack.HtmlNodeNavigator.get_Value()",0,0.00,1,0.00,392,33,392,81,
"HtmlAgilityPack.HtmlNodeNavigator.IsSamePosition(class System.Xml.XPath.XPathNavigator)",8,0.03,8,0.03,469,13,469,64,
"HtmlAgilityPack.HtmlNodeNavigator.IsSamePosition(class System.Xml.XPath.XPathNavigator)",5,0.02,5,0.02,476,13,476,55,
"HtmlAgilityPack.HtmlNodeNavigator.MoveToFirstAttribute()",1,0.00,4,0.02,555,13,555,32,
"HtmlAgilityPack.HtmlNodeNavigator.MoveToFirstChild()",1,0.00,13,0.05,571,13,571,45,
"HtmlAgilityPack.HtmlNodeNavigator.MoveToFirstChild()",1,0.00,3,0.01,576,13,576,55,
"HtmlAgilityPack.HtmlNodeNavigator.MoveToFirstChild()",0,0.00,1,0.00,578,13,578,25,
"HtmlAgilityPack.HtmlNodeNavigator.MoveToNext()",21,0.08,29,0.12,630,13,630,50,
"HtmlAgilityPack.HtmlNodeNavigator.MoveToNext()",5,0.02,8,0.03,637,13,637,53,
"HtmlAgilityPack.HtmlNodeNavigator.MoveToNext()",2,0.01,4,0.02,639,13,639,25,
"HtmlAgilityPack.HtmlNodeNavigator.MoveToNextAttribute()",1,0.00,3,0.01,649,13,649,66,
"HtmlAgilityPack.HtmlNodeNavigator.MoveToParent()",50,0.20,65,0.26,677,13,677,49,
"HtmlAgilityPack.HtmlNodeNavigator.MoveToParent()",3,0.01,3,0.01,680,17,680,30,
"HtmlAgilityPack.HtmlNodeNavigator.MoveToParent()",16,0.06,22,0.09,682,13,682,52,
"HtmlAgilityPack.HtmlNodeNavigator.MoveToParent()",7,0.03,16,0.06,684,13,684,25,
"HtmlAgilityPack.HtmlTextNode..ctor(class HtmlAgilityPack.HtmlDocument,int32)",1,0.00,2,0.01,17,9,19,62,
"HtmlAgilityPack.HtmlTextNode.get_Text()",0,0.00,1,0.00,58,17,58,35,
"JIT_GetGenericsGCStaticBase(class MethodTable *)",35,0.14,35,0.14,"1,863",0,"1,863",0,
"JIT_GetGenericsGCStaticBase(class MethodTable *)",237,0.94,237,0.94,"1,872",0,"1,872",0,
"JIT_GetGenericsGCStaticBase(class MethodTable *)",209,0.83,209,0.83,"1,874",0,"1,874",0,
"JIT_GetGenericsGCStaticBase(class MethodTable *)",204,0.81,204,0.81,"1,877",0,"1,877",0,
"JIT_NewFast(struct CORINFO_CLASS_STRUCT_ *)",1,0.00,1,0.00,"2,899",0,"2,899",0,
"JIT_NewFast(struct CORINFO_CLASS_STRUCT_ *)",15,0.06,15,0.06,"2,904",0,"2,904",0,
"JIT_NewFast(struct CORINFO_CLASS_STRUCT_ *)",18,0.07,18,0.07,"2,922",0,"2,922",0,
"JIT_NewFast(struct CORINFO_CLASS_STRUCT_ *)",26,0.10,26,0.10,"2,924",0,"2,924",0,
"MS.Internal.Xml.XPath.XPathSelectionIterator.MoveNext()",2,0.01,14,0.06,39,13,39,48,
"NLog.Config.ConfigurationItemFactory..cctor()",0,0.00,6,0.02,0,0,0,0,
"NLog.Config.ConfigurationItemFactory..ctor(class System.Reflection.Assembly[])",0,0.00,6,0.02,0,0,0,0,
"NLog.Config.ConfigurationItemFactory.BuildDefaultFactory()",0,0.00,6,0.02,0,0,0,0,
"NLog.Config.ConfigurationItemFactory.RegisterItemsFromAssembly(class System.Reflection.Assembly)",0,0.00,6,0.02,0,0,0,0,
"NLog.Config.ConfigurationItemFactory.RegisterItemsFromAssembly(class System.Reflection.Assembly,string)",0,0.00,6,0.02,0,0,0,0,
"NLog.Config.Factory`2.CreateInstance(string)",0,0.00,1,0.00,0,0,0,0,
"NLog.Config.Factory`2.RegisterType(class System.Type,string)",0,0.00,2,0.01,0,0,0,0,
"NLog.Config.Factory`2.ScanAssembly(class System.Reflection.Assembly,string)",0,0.00,6,0.02,0,0,0,0,
"NLog.Config.Factory`2.TryCreateInstance(string,!0&)",0,0.00,1,0.00,0,0,0,0,
"NLog.Config.XmlLoggingConfiguration..ctor(string)",0,0.00,9,0.04,0,0,0,0,
"NLog.Config.XmlLoggingConfiguration.ConfigureObjectFromAttributes(object,class NLog.Config.NLogXmlElement,bool)",0,0.00,1,0.00,0,0,0,0,
"NLog.Config.XmlLoggingConfiguration.Initialize(class System.Xml.XmlReader,string,bool)",0,0.00,2,0.01,0,0,0,0,
"NLog.Config.XmlLoggingConfiguration.ParseNLogElement(class NLog.Config.NLogXmlElement,string)",0,0.00,2,0.01,0,0,0,0,
"NLog.Config.XmlLoggingConfiguration.ParseTargetElement(class NLog.Targets.Target,class NLog.Config.NLogXmlElement)",0,0.00,2,0.01,0,0,0,0,
"NLog.Config.XmlLoggingConfiguration.ParseTargetsElement(class NLog.Config.NLogXmlElement)",0,0.00,2,0.01,0,0,0,0,
"NLog.Config.XmlLoggingConfiguration.ParseTopLevel(class NLog.Config.NLogXmlElement,string)",0,0.00,2,0.01,0,0,0,0,
"NLog.Internal.FactoryHelper.CreateInstance(class System.Type)",0,0.00,1,0.00,0,0,0,0,
"NLog.Internal.ObjectGraphScanner.FindReachableObjects(object[])",0,0.00,11,0.04,0,0,0,0,
"NLog.Internal.ObjectGraphScanner.ScanProperties(class System.Collections.Generic.List`1<!!0>,object,int32,class System.Collections.Generic.Dictionary`2<object,int32>)",0,0.00,11,0.04,0,0,0,0,
"NLog.Internal.PropertyHelper.SetPropertyFromString(object,string,string,class NLog.Config.ConfigurationItemFactory)",0,0.00,1,0.00,0,0,0,0,
"NLog.Internal.PropertyHelper.TryGetPropertyInfo(object,string,class System.Reflection.PropertyInfo&)",0,0.00,2,0.01,0,0,0,0,
"NLog.Internal.ReflectionHelpers.SafeGetTypes(class System.Reflection.Assembly)",0,0.00,4,0.02,0,0,0,0,
"NLog.Internal.SortHelpers.BucketSort(class System.Collections.Generic.IEnumerable`1<!!0>,class NLog.Internal.SortHelpers/KeySelector`2<!!0,!!1>)",1,0.00,2,0.01,0,0,0,0,
"NLog.Internal.TargetWithFilterChain.PrecalculateStackTraceUsage()",0,0.00,11,0.04,0,0,0,0,
"NLog.Layouts.Layout.FromString(string)",0,0.00,1,0.00,0,0,0,0,
"NLog.Layouts.Layout.FromString(string,class NLog.Config.ConfigurationItemFactory)",0,0.00,1,0.00,0,0,0,0,
"NLog.Layouts.Layout.op_Implicit(string)",0,0.00,1,0.00,0,0,0,0,
"NLog.Layouts.LayoutParser.CompileLayout(class NLog.Config.ConfigurationItemFactory,class NLog.Internal.SimpleStringReader,bool,string&)",0,0.00,1,0.00,0,0,0,0,
"NLog.Layouts.LayoutParser.ParseLayoutRenderer(class NLog.Config.ConfigurationItemFactory,class NLog.Internal.SimpleStringReader)",0,0.00,1,0.00,0,0,0,0,
"NLog.Layouts.SimpleLayout..ctor(string,class NLog.Config.ConfigurationItemFactory)",0,0.00,1,0.00,0,0,0,0,
"NLog.Layouts.SimpleLayout.set_Text(string)",0,0.00,1,0.00,0,0,0,0,
"NLog.LogFactory.get_Configuration()",0,0.00,9,0.04,0,0,0,0,
"NLog.LogFactory.GetConfigurationForLogger(string,class NLog.Config.LoggingConfiguration)",0,0.00,11,0.04,0,0,0,0,
"NLog.LogFactory.GetLogger(class NLog.LogFactory/LoggerCacheKey)",0,0.00,20,0.08,0,0,0,0,
"NLog.LogFactory.GetLogger(string)",0,0.00,20,0.08,0,0,0,0,
"NLog.LogFactory.GetTargetsByLevelForLogger(string,class System.Collections.Generic.IList`1<class NLog.Config.LoggingRule>,class NLog.Internal.TargetWithFilterChain[],class NLog.Internal.TargetWithFilterChain[])",0,0.00,11,0.04,0,0,0,0,
"NLog.LogManager.GetCurrentClassLogger()",0,0.00,12,0.05,0,0,0,0,
"NLog.LogManager.GetLogger(string)",0,0.00,9,0.04,0,0,0,0,
"NLog.Targets.FileTarget..ctor()",0,0.00,1,0.00,0,0,0,0,
"NLog.Targets.FileTarget.Write(valuetype NLog.Common.AsyncLogEventInfo[])",1,0.00,5,0.02,0,0,0,0,
"NLog.Targets.Target.WriteAsyncLogEvents(valuetype NLog.Common.AsyncLogEventInfo[])",0,0.00,6,0.02,0,0,0,0,
"NLog.Targets.TargetWithLayout..ctor()",0,0.00,1,0.00,0,0,0,0,
"NLog.Targets.TargetWithLayoutHeaderAndFooter..ctor()",0,0.00,1,0.00,0,0,0,0,
"NLog.Targets.Wrappers.AsyncTargetWrapper.ProcessPendingEvents(object)",0,0.00,7,0.03,0,0,0,0,
"NLog.Targets.Wrappers.AsyncTargetWrapper.StartLazyWriterTimer()",0,0.00,1,0.00,0,0,0,0,
"System.Collections.Generic.Dictionary`2..ctor()",2,0.01,2,0.01,87,9,87,43,
"System.Collections.Generic.Dictionary`2.ContainsKey(!0)",1,0.00,1,0.00,209,13,209,40,
"System.Collections.Generic.Dictionary`2.get_Item(!0)",1,0.00,1,0.00,162,17,162,40,
"System.Collections.Generic.Dictionary`2.GetEnumerator()",1,0.00,1,0.00,253,13,253,66,
"System.Collections.Generic.Dictionary`2.set_Item(!0,!1)",11,0.04,11,0.04,168,17,168,43,
"System.Collections.Generic.List`1..ctor()",42,0.17,42,0.17,53,9,55,22,
"System.Collections.Generic.List`1..ctor()",677,2.70,677,2.70,56,13,56,34,
"System.Collections.Generic.List`1..ctor()",123,0.49,123,0.49,57,9,57,10,
"System.Collections.Generic.List`1.Add(!0)",128,0.51,128,0.51,230,13,230,40,
"System.Collections.Generic.List`1.Add(!0)",71,0.28,71,0.28,230,41,230,67,
"System.Collections.Generic.List`1.Add(!0)",985,3.93,985,3.93,231,13,231,36,
"System.Collections.Generic.List`1.Add(!0)",300,1.20,300,1.20,232,13,232,24,
"System.Collections.Generic.List`1.Add(!0)",41,0.16,41,0.16,233,9,233,10,
"System.Collections.Generic.List`1.Enumerator.Dispose()",60,0.24,60,0.24,"1,189",13,"1,189",14,
"System.Collections.Generic.List`1.Enumerator.get_Current()",143,0.57,143,0.57,"1,217",21,"1,217",36,
"System.Collections.Generic.List`1.Enumerator.MoveNext()",462,1.84,462,1.84,"1,193",17,"1,193",42,
"System.Collections.Generic.List`1.Enumerator.MoveNext()",229,0.91,229,0.91,"1,195",17,"1,195",92,
"System.Collections.Generic.List`1.Enumerator.MoveNext()",320,1.28,320,1.28,"1,197",21,"1,197",55,
"System.Collections.Generic.List`1.Enumerator.MoveNext()",263,1.05,263,1.05,"1,198",21,"1,198",29,
"System.Collections.Generic.List`1.Enumerator.MoveNext()",7,0.03,7,0.03,"1,199",21,"1,199",33,
"System.Collections.Generic.List`1.Enumerator.MoveNext()",559,2.23,559,2.23,"1,201",17,"1,201",39,
"System.Collections.Generic.List`1.get_Count()",44,0.18,44,0.18,137,17,137,30,
"System.Collections.Generic.List`1.get_Item(int32)",1,0.00,1,0.00,183,17,183,49,
"System.Collections.Generic.List`1.get_Item(int32)",1,0.00,1,0.00,187,17,187,38,
"System.Collections.Generic.List`1.GetEnumerator()","2,116",8.44,"2,116",8.44,580,13,580,41,
"System.Collections.Hashtable..ctor()",46,0.18,46,0.18,247,9,247,43,
"System.Collections.Hashtable.Add(object,object)",8,0.03,8,0.03,431,13,431,38,
"System.Collections.Hashtable.get_Item(object)",1,0.00,1,0.00,650,17,650,33,
"System.Collections.Hashtable.get_Item(object)",2,0.01,2,0.01,664,17,664,84,
"System.Collections.Hashtable.get_Item(object)",2,0.01,2,0.01,665,17,665,31,
"System.Collections.Hashtable.get_Item(object)",1,0.00,1,0.00,668,17,668,73,
"System.Collections.Hashtable.get_Item(object)",4,0.02,4,0.02,693,25,693,52,
"System.Collections.Hashtable.get_Item(object)",1,0.00,1,0.00,698,25,698,53,
"System.Collections.Hashtable.get_Item(object)",2,0.01,2,0.01,706,21,707,48,
"System.Collections.Hashtable.InitHash(object,int32,uint32&,uint32&)",1,0.00,1,0.00,416,13,416,29,
"System.Collections.Hashtable.Remove(object)",1,0.00,1,0.00,"1,081",17,"1,082",44,
"System.Collections.Hashtable.Remove(object)",1,0.00,1,0.00,"1,104",17,"1,104",70,
"System.Collections.Hashtable.Remove(object)",1,0.00,1,0.00,"1,105",15,"1,105",66,
"System.Collections.Hashtable.set_Item(object,object)",7,0.03,7,0.03,722,17,722,43,
"System.Convert.ToString(object,class System.IFormatProvider)",2,0.01,2,0.01,"1,796",13,"1,796",66,
"System.Diagnostics.StackFrame..ctor(int32,bool)",1,0.00,1,0.00,69,9,69,10,
"System.IO.Stream.Dispose()",2,0.01,2,0.01,204,9,204,10,
"System.IO.StreamReader.ReadToEnd()",2,0.01,2,0.01,356,17,356,35,
"System.IO.StreamReader.ReadToEnd()",18,0.07,18,0.07,358,15,358,35,
"System.IO.StreamReader.ReadToEnd()",1,0.00,1,0.00,359,13,359,34,
"System.Net.HttpWebRequest.GetResponse()",20,0.08,20,0.08,"2,056",17,"2,056",32,
"System.Net.WebHeaderCollection.Add(string,string)",10,0.04,10,0.04,618,13,618,48,
"System.Net.WebRequest.Create(string)",45,0.18,45,0.18,209,13,209,61,
"System.Object..ctor()",1,0.00,1,0.00,46,5,46,6,
"System.Reflection.Assembly.GetTypes()",4,0.02,4,0.02,603,17,603,50,
"System.Reflection.ConstructorInfo.Invoke(object[])",0,0.00,1,0.00,577,13,577,73,
"System.Reflection.RuntimePropertyInfo.GetValue(object,object[])",1,0.00,1,0.00,"4,062",13,"4,063",36,
"System.RuntimeType.GetCustomAttributes(class System.Type,bool)",2,0.01,2,0.01,"4,725",13,"4,725",93,
"System.RuntimeType.IsDefined(class System.Type,bool)",9,0.04,9,0.04,"4,740",13,"4,740",83,
"System.String.Compare(string,string,bool)",2,0.01,2,0.01,"1,951",13,"1,951",28,
"System.String.Compare(string,string,bool)",45,0.18,45,0.18,"1,952",17,"1,952",110,
"System.String.Compare(string,string,bool)",215,0.86,215,0.86,"1,954",13,"1,954",100,
"System.String.Concat(string,string)",3,0.01,3,0.01,"3,348",13,"3,348",37,
"System.String.Concat(string,string)",1,0.00,1,0.00,"3,355",13,"3,355",37,
"System.String.Concat(string,string)",1,0.00,1,0.00,"3,359",13,"3,359",42,
"System.String.Concat(string,string)",1,0.00,1,0.00,"3,361",13,"3,361",74,
"System.String.Concat(string,string)",1,0.00,1,0.00,"3,363",13,"3,363",55,
"System.String.Concat(string,string)",25,0.10,25,0.10,"3,364",13,"3,364",57,
"System.String.Concat(string,string)",59,0.24,59,0.24,"3,366",13,"3,366",27,
"System.String.Substring(int32,int32)",80,0.32,80,0.32,"1,141",13,"1,141",75,
"System.String.ToLower()",501,2.00,501,2.00,"2,844",13,"2,844",61,
"System.SZArrayHelper.GetEnumerator()",1,0.00,1,0.00,"2,243",13,"2,243",86,
"System.Text.Encoding.get_Default()",4,0.02,4,0.02,"1,377",17,"1,377",45,
"System.Threading.Thread.get_IsAlive()","12,498",49.83,"12,498",49.83,553,19,553,42,
"System.Threading.Thread.Start()",4,0.02,4,0.02,273,9,273,10,
"System.Threading.Timer.Change(int32,int32)",1,0.00,1,0.00,389,13,389,74,
"System.Type.GetProperty(string,valuetype System.Reflection.BindingFlags)",2,0.01,2,0.01,703,17,703,78,
"System.Web.HttpRequest.get_Params()",1,0.00,1,0.00,"1,920",21,"1,920",50,
"System.Web.HttpServerVarsCollection.GetValues(string)",3,0.01,3,0.01,196,13,196,34,
"System.Web.UI.Control.DataBind()",0,0.00,1,0.00,"1,526",9,"1,526",10,
"System.Web.UI.DataBinder.Eval(object,string)",8,0.03,8,0.03,81,13,81,64,
"System.Web.UI.DataBoundLiteralControl..ctor(int32,int32)",1,0.00,1,0.00,82,9,82,63,
"System.Web.UI.Page.ProcessRequest(class System.Web.HttpContext)",984,3.92,"10,636",42.41,"3,884",5,"3,884",6,
"System.Web.UI.WebControls.Repeater.DataBind()",0,0.00,11,0.04,578,9,578,10,
"System.Xml.NameTable..ctor()",1,0.00,1,0.00,50,13,50,23,
"System.Xml.NameTable..ctor()",8,0.03,8,0.03,51,13,51,41,
"System.Xml.NameTable..ctor()",11,0.04,11,0.04,52,13,52,56,
"System.Xml.NameTable.Get(string)",1,0.00,1,0.00,138,13,138,40,
"System.Xml.NameTable.Get(string)",1,0.00,1,0.00,139,13,139,39,
"System.Xml.NameTable.Get(string)",1,0.00,1,0.00,141,19,141,54,
"System.Xml.NameTable.Get(string)",3,0.01,3,0.01,142,17,142,71,
"System.Xml.Serialization.XmlSerializer..ctor(class System.Type)",8,0.03,8,0.03,177,9,177,67,
"System.Xml.Serialization.XmlSerializer.Deserialize(class System.Xml.XmlReader)",2,0.01,2,0.01,387,13,387,49,
"System.Xml.XmlDocument.Load(class System.IO.Stream)",1,0.00,1,0.00,"1,080",17,"1,080",32,
"System.Xml.XmlDocument.LoadXml(string)",8,0.03,8,0.03,"1,124",17,"1,124",32,
"System.Xml.XmlNameTable..ctor()",1,0.00,1,0.00,0,0,0,0,
"System.Xml.XmlNode.get_FirstChild()",1,0.00,1,0.00,161,17,161,53,
"System.Xml.XmlReader.Create(string)",1,0.00,1,0.00,"1,516",13,"1,516",96,
"System.Xml.XmlReader.ReadToFollowing(string)",1,0.00,1,0.00,855,13,855,27,
"System.Xml.XPath.XPathNavigator..ctor()",4,0.02,4,0.02,0,0,0,0,
"System.Xml.XPath.XPathNavigator.Select(string)",120,0.48,596,2.38,"1,000",13,"1,000",64,
"ThreadNative::IsAlive(class ThreadBaseObject *)",107,0.43,107,0.43,776,0,776,0,
"ThreadNative::IsAlive(class ThreadBaseObject *)",68,0.27,68,0.27,791,0,791,0,
"Unknown Frame(s)",1,0.00,1,0.00,0,0,0,0,
"WKS::GCHeap::Alloc(struct alloc_context *,unsigned int,unsigned long)",1,0.00,1,0.00,"25,999",0,"25,999",0,
