Level,Function Name,Inclusive Samples,Exclusive Samples,Inclusive Samples %,Exclusive Samples %,Module Name,
0,"WebDev.WebServer40.EXE","25,081",0,100.00,0.00,"",
0,"ASP.answers_aspx.ProcessRequest(class System.Web.HttpContext)","10,627",0,42.37,0.00,"App_Web_h4prl0my.dll",
1,"System.Web.UI.Page.ProcessRequest(class System.Web.HttpContext)","10,627",977,42.37,3.90,"System.Web.dll",
2,"BingAnswers.Answers.Page_Load(object,class System.EventArgs)","9,650",976,38.48,3.89,"BingAnswers.DLL",
3,"System.Threading.Thread.get_IsAlive()","5,888","5,888",23.48,23.48,"mscorlib.dll",
3,"System.Collections.Generic.List`1.GetEnumerator()","1,203","1,203",4.80,4.80,"mscorlib.dll",
3,"System.Collections.Generic.List`1.Enumerator.MoveNext()",936,936,3.73,3.73,"mscorlib.dll",
3,"System.Collections.Generic.List`1..ctor()",458,458,1.83,1.83,"mscorlib.dll",
3,"System.Collections.Generic.List`1.Enumerator.get_Current()",73,73,0.29,0.29,"mscorlib.dll",
3,"System.Collections.Generic.List`1.Enumerator.Dispose()",40,40,0.16,0.16,"mscorlib.dll",
3,"System.Collections.Generic.List`1.get_Count()",27,27,0.11,0.11,"mscorlib.dll",
3,"JIT_NewFast(struct CORINFO_CLASS_STRUCT_ *)",22,22,0.09,0.09,"clr.dll",
3,"System.Web.UI.WebControls.Repeater.DataBind()",11,0,0.04,0.00,"System.Web.dll",
4,"ASP.answers_aspx.__DataBind__control3(object,class System.EventArgs)",10,1,0.04,0.00,"App_Web_h4prl0my.dll",
5,"System.Web.UI.DataBinder.Eval(object,string)",7,7,0.03,0.03,"System.Web.dll",
5,"System.Convert.ToString(object,class System.IFormatProvider)",2,2,0.01,0.01,"mscorlib.dll",
4,"ASP.answers_aspx.__BuildControl__control2(class System.Web.UI.Control)",1,0,0.00,0.00,"App_Web_h4prl0my.dll",
5,"ASP.answers_aspx.__BuildControl__control3()",1,0,0.00,0.00,"App_Web_h4prl0my.dll",
6,"System.Web.UI.DataBoundLiteralControl..ctor(int32,int32)",1,1,0.00,0.00,"System.Web.dll",
3,"BingAnswers.StackOverflow..ctor()",4,0,0.02,0.00,"BingAnswers.DLL",
4,"NLog.LogManager.GetCurrentClassLogger()",4,0,0.02,0.00,"NLog.DLL",
5,"NLog.LogFactory.GetLogger(string)",3,0,0.01,0.00,"NLog.DLL",
6,"NLog.LogFactory.GetLogger(class NLog.LogFactory/LoggerCacheKey)",3,0,0.01,0.00,"NLog.DLL",
7,"NLog.LogFactory.GetConfigurationForLogger(string,class NLog.Config.LoggingConfiguration)",3,0,0.01,0.00,"NLog.DLL",
8,"NLog.LogFactory.GetTargetsByLevelForLogger(string,class System.Collections.Generic.IList`1<class NLog.Config.LoggingRule>,class NLog.Internal.TargetWithFilterChain[],class NLog.Internal.TargetWithFilterChain[])",3,0,0.01,0.00,"NLog.DLL",
9,"NLog.LogFactory.GetTargetsByLevelForLogger(string,class System.Collections.Generic.IList`1<class NLog.Config.LoggingRule>,class NLog.Internal.TargetWithFilterChain[],class NLog.Internal.TargetWithFilterChain[])",2,0,0.01,0.00,"NLog.DLL",
10,"NLog.Internal.TargetWithFilterChain.PrecalculateStackTraceUsage()",2,0,0.01,0.00,"NLog.DLL",
11,"NLog.Internal.ObjectGraphScanner.FindReachableObjects(object[])",2,0,0.01,0.00,"NLog.DLL",
12,"NLog.Internal.ObjectGraphScanner.ScanProperties(class System.Collections.Generic.List`1<!!0>,object,int32,class System.Collections.Generic.Dictionary`2<object,int32>)",2,0,0.01,0.00,"NLog.DLL",
13,"System.SZArrayHelper.GetEnumerator()",1,1,0.00,0.00,"mscorlib.dll",
13,"NLog.Internal.ObjectGraphScanner.ScanProperties(class System.Collections.Generic.List`1<!!0>,object,int32,class System.Collections.Generic.Dictionary`2<object,int32>)",1,0,0.00,0.00,"NLog.DLL",
14,"NLog.Internal.ObjectGraphScanner.ScanProperties(class System.Collections.Generic.List`1<!!0>,object,int32,class System.Collections.Generic.Dictionary`2<object,int32>)",1,0,0.00,0.00,"NLog.DLL",
15,"System.RuntimeType.IsDefined(class System.Type,bool)",1,1,0.00,0.00,"mscorlib.dll",
9,"NLog.Internal.TargetWithFilterChain.PrecalculateStackTraceUsage()",1,0,0.00,0.00,"NLog.DLL",
10,"NLog.Internal.ObjectGraphScanner.FindReachableObjects(object[])",1,0,0.00,0.00,"NLog.DLL",
11,"NLog.Internal.ObjectGraphScanner.ScanProperties(class System.Collections.Generic.List`1<!!0>,object,int32,class System.Collections.Generic.Dictionary`2<object,int32>)",1,0,0.00,0.00,"NLog.DLL",
12,"NLog.Internal.ObjectGraphScanner.ScanProperties(class System.Collections.Generic.List`1<!!0>,object,int32,class System.Collections.Generic.Dictionary`2<object,int32>)",1,0,0.00,0.00,"NLog.DLL",
13,"NLog.Internal.ObjectGraphScanner.ScanProperties(class System.Collections.Generic.List`1<!!0>,object,int32,class System.Collections.Generic.Dictionary`2<object,int32>)",1,0,0.00,0.00,"NLog.DLL",
14,"NLog.Internal.ObjectGraphScanner.ScanProperties(class System.Collections.Generic.List`1<!!0>,object,int32,class System.Collections.Generic.Dictionary`2<object,int32>)",1,0,0.00,0.00,"NLog.DLL",
15,"NLog.Internal.ObjectGraphScanner.ScanProperties(class System.Collections.Generic.List`1<!!0>,object,int32,class System.Collections.Generic.Dictionary`2<object,int32>)",1,0,0.00,0.00,"NLog.DLL",
16,"System.RuntimeType.IsDefined(class System.Type,bool)",1,1,0.00,0.00,"mscorlib.dll",
5,"System.Diagnostics.StackFrame..ctor(int32,bool)",1,1,0.00,0.00,"mscorlib.dll",
3,"BingAnswers.ehow..ctor()",2,0,0.01,0.00,"BingAnswers.DLL",
4,"NLog.LogManager.GetCurrentClassLogger()",2,0,0.01,0.00,"NLog.DLL",
5,"NLog.LogFactory.GetLogger(string)",2,0,0.01,0.00,"NLog.DLL",
6,"NLog.LogFactory.GetLogger(class NLog.LogFactory/LoggerCacheKey)",2,0,0.01,0.00,"NLog.DLL",
7,"NLog.LogFactory.GetConfigurationForLogger(string,class NLog.Config.LoggingConfiguration)",2,0,0.01,0.00,"NLog.DLL",
8,"NLog.LogFactory.GetTargetsByLevelForLogger(string,class System.Collections.Generic.IList`1<class NLog.Config.LoggingRule>,class NLog.Internal.TargetWithFilterChain[],class NLog.Internal.TargetWithFilterChain[])",2,0,0.01,0.00,"NLog.DLL",
9,"NLog.Internal.TargetWithFilterChain.PrecalculateStackTraceUsage()",1,0,0.00,0.00,"NLog.DLL",
10,"NLog.Internal.ObjectGraphScanner.FindReachableObjects(object[])",1,0,0.00,0.00,"NLog.DLL",
11,"NLog.Internal.ObjectGraphScanner.ScanProperties(class System.Collections.Generic.List`1<!!0>,object,int32,class System.Collections.Generic.Dictionary`2<object,int32>)",1,0,0.00,0.00,"NLog.DLL",
12,"NLog.Internal.ObjectGraphScanner.ScanProperties(class System.Collections.Generic.List`1<!!0>,object,int32,class System.Collections.Generic.Dictionary`2<object,int32>)",1,0,0.00,0.00,"NLog.DLL",
13,"NLog.Internal.ObjectGraphScanner.ScanProperties(class System.Collections.Generic.List`1<!!0>,object,int32,class System.Collections.Generic.Dictionary`2<object,int32>)",1,0,0.00,0.00,"NLog.DLL",
14,"System.RuntimeType.IsDefined(class System.Type,bool)",1,1,0.00,0.00,"mscorlib.dll",
9,"NLog.LogFactory.GetTargetsByLevelForLogger(string,class System.Collections.Generic.IList`1<class NLog.Config.LoggingRule>,class NLog.Internal.TargetWithFilterChain[],class NLog.Internal.TargetWithFilterChain[])",1,0,0.00,0.00,"NLog.DLL",
10,"NLog.Internal.TargetWithFilterChain.PrecalculateStackTraceUsage()",1,0,0.00,0.00,"NLog.DLL",
11,"NLog.Internal.ObjectGraphScanner.FindReachableObjects(object[])",1,0,0.00,0.00,"NLog.DLL",
12,"NLog.Internal.ObjectGraphScanner.ScanProperties(class System.Collections.Generic.List`1<!!0>,object,int32,class System.Collections.Generic.Dictionary`2<object,int32>)",1,0,0.00,0.00,"NLog.DLL",
13,"NLog.Internal.ObjectGraphScanner.ScanProperties(class System.Collections.Generic.List`1<!!0>,object,int32,class System.Collections.Generic.Dictionary`2<object,int32>)",1,0,0.00,0.00,"NLog.DLL",
14,"NLog.Internal.ObjectGraphScanner.ScanProperties(class System.Collections.Generic.List`1<!!0>,object,int32,class System.Collections.Generic.Dictionary`2<object,int32>)",1,0,0.00,0.00,"NLog.DLL",
15,"NLog.Internal.ObjectGraphScanner.ScanProperties(class System.Collections.Generic.List`1<!!0>,object,int32,class System.Collections.Generic.Dictionary`2<object,int32>)",1,0,0.00,0.00,"NLog.DLL",
16,"NLog.Internal.ObjectGraphScanner.ScanProperties(class System.Collections.Generic.List`1<!!0>,object,int32,class System.Collections.Generic.Dictionary`2<object,int32>)",1,0,0.00,0.00,"NLog.DLL",
17,"NLog.Internal.ObjectGraphScanner.ScanProperties(class System.Collections.Generic.List`1<!!0>,object,int32,class System.Collections.Generic.Dictionary`2<object,int32>)",1,0,0.00,0.00,"NLog.DLL",
18,"NLog.Internal.ObjectGraphScanner.ScanProperties(class System.Collections.Generic.List`1<!!0>,object,int32,class System.Collections.Generic.Dictionary`2<object,int32>)",1,0,0.00,0.00,"NLog.DLL",
19,"System.RuntimeType.IsDefined(class System.Type,bool)",1,1,0.00,0.00,"mscorlib.dll",
3,"BingAnswers.MSDNForum..ctor()",2,0,0.01,0.00,"BingAnswers.DLL",
4,"NLog.LogManager.GetCurrentClassLogger()",2,0,0.01,0.00,"NLog.DLL",
5,"NLog.LogFactory.GetLogger(string)",2,0,0.01,0.00,"NLog.DLL",
6,"NLog.LogFactory.GetLogger(class NLog.LogFactory/LoggerCacheKey)",2,0,0.01,0.00,"NLog.DLL",
7,"NLog.LogFactory.GetConfigurationForLogger(string,class NLog.Config.LoggingConfiguration)",2,0,0.01,0.00,"NLog.DLL",
8,"NLog.LogFactory.GetTargetsByLevelForLogger(string,class System.Collections.Generic.IList`1<class NLog.Config.LoggingRule>,class NLog.Internal.TargetWithFilterChain[],class NLog.Internal.TargetWithFilterChain[])",2,0,0.01,0.00,"NLog.DLL",
9,"NLog.LogFactory.GetTargetsByLevelForLogger(string,class System.Collections.Generic.IList`1<class NLog.Config.LoggingRule>,class NLog.Internal.TargetWithFilterChain[],class NLog.Internal.TargetWithFilterChain[])",2,0,0.01,0.00,"NLog.DLL",
10,"NLog.Internal.TargetWithFilterChain.PrecalculateStackTraceUsage()",2,0,0.01,0.00,"NLog.DLL",
11,"NLog.Internal.ObjectGraphScanner.FindReachableObjects(object[])",2,0,0.01,0.00,"NLog.DLL",
12,"NLog.Internal.ObjectGraphScanner.ScanProperties(class System.Collections.Generic.List`1<!!0>,object,int32,class System.Collections.Generic.Dictionary`2<object,int32>)",2,0,0.01,0.00,"NLog.DLL",
13,"NLog.Internal.ObjectGraphScanner.ScanProperties(class System.Collections.Generic.List`1<!!0>,object,int32,class System.Collections.Generic.Dictionary`2<object,int32>)",1,0,0.00,0.00,"NLog.DLL",
14,"NLog.Internal.ObjectGraphScanner.ScanProperties(class System.Collections.Generic.List`1<!!0>,object,int32,class System.Collections.Generic.Dictionary`2<object,int32>)",1,0,0.00,0.00,"NLog.DLL",
15,"System.Reflection.RuntimePropertyInfo.GetValue(object,object[])",1,1,0.00,0.00,"mscorlib.dll",
13,"System.RuntimeType.IsDefined(class System.Type,bool)",1,1,0.00,0.00,"mscorlib.dll",
3,"System.Threading.Thread.Start()",1,1,0.00,0.00,"mscorlib.dll",
3,"System.Web.UI.Control.DataBind()",1,0,0.00,0.00,"System.Web.dll",
4,"ASP.answers_aspx.__DataBind__control3(object,class System.EventArgs)",1,0,0.00,0.00,"App_Web_h4prl0my.dll",
5,"System.Web.UI.DataBinder.Eval(object,string)",1,1,0.00,0.00,"System.Web.dll",
3,"System.Web.HttpServerVarsCollection.GetValues(string)",1,1,0.00,0.00,"System.Web.dll",
3,"BingAnswers.WolframeAlpha..ctor()",1,0,0.00,0.00,"BingAnswers.DLL",
4,"NLog.LogManager.GetCurrentClassLogger()",1,0,0.00,0.00,"NLog.DLL",
5,"NLog.LogFactory.GetLogger(string)",1,0,0.00,0.00,"NLog.DLL",
6,"NLog.LogFactory.GetLogger(class NLog.LogFactory/LoggerCacheKey)",1,0,0.00,0.00,"NLog.DLL",
7,"NLog.LogFactory.GetConfigurationForLogger(string,class NLog.Config.LoggingConfiguration)",1,0,0.00,0.00,"NLog.DLL",
8,"NLog.LogFactory.GetTargetsByLevelForLogger(string,class System.Collections.Generic.IList`1<class NLog.Config.LoggingRule>,class NLog.Internal.TargetWithFilterChain[],class NLog.Internal.TargetWithFilterChain[])",1,0,0.00,0.00,"NLog.DLL",
9,"NLog.Internal.TargetWithFilterChain.PrecalculateStackTraceUsage()",1,0,0.00,0.00,"NLog.DLL",
10,"NLog.Internal.ObjectGraphScanner.FindReachableObjects(object[])",1,0,0.00,0.00,"NLog.DLL",
11,"NLog.Internal.ObjectGraphScanner.ScanProperties(class System.Collections.Generic.List`1<!!0>,object,int32,class System.Collections.Generic.Dictionary`2<object,int32>)",1,0,0.00,0.00,"NLog.DLL",
12,"NLog.Internal.ObjectGraphScanner.ScanProperties(class System.Collections.Generic.List`1<!!0>,object,int32,class System.Collections.Generic.Dictionary`2<object,int32>)",1,0,0.00,0.00,"NLog.DLL",
13,"NLog.Internal.ObjectGraphScanner.ScanProperties(class System.Collections.Generic.List`1<!!0>,object,int32,class System.Collections.Generic.Dictionary`2<object,int32>)",1,0,0.00,0.00,"NLog.DLL",
14,"NLog.Internal.ObjectGraphScanner.ScanProperties(class System.Collections.Generic.List`1<!!0>,object,int32,class System.Collections.Generic.Dictionary`2<object,int32>)",1,0,0.00,0.00,"NLog.DLL",
15,"System.RuntimeType.IsDefined(class System.Type,bool)",1,1,0.00,0.00,"mscorlib.dll",
3,"BingAnswers.YahooAnswers..ctor()",1,0,0.00,0.00,"BingAnswers.DLL",
4,"NLog.LogManager.GetCurrentClassLogger()",1,0,0.00,0.00,"NLog.DLL",
5,"NLog.LogFactory.GetLogger(string)",1,0,0.00,0.00,"NLog.DLL",
6,"NLog.LogFactory.GetLogger(class NLog.LogFactory/LoggerCacheKey)",1,0,0.00,0.00,"NLog.DLL",
7,"NLog.LogFactory.GetConfigurationForLogger(string,class NLog.Config.LoggingConfiguration)",1,0,0.00,0.00,"NLog.DLL",
8,"NLog.LogFactory.GetTargetsByLevelForLogger(string,class System.Collections.Generic.IList`1<class NLog.Config.LoggingRule>,class NLog.Internal.TargetWithFilterChain[],class NLog.Internal.TargetWithFilterChain[])",1,0,0.00,0.00,"NLog.DLL",
9,"NLog.LogFactory.GetTargetsByLevelForLogger(string,class System.Collections.Generic.IList`1<class NLog.Config.LoggingRule>,class NLog.Internal.TargetWithFilterChain[],class NLog.Internal.TargetWithFilterChain[])",1,0,0.00,0.00,"NLog.DLL",
10,"NLog.Internal.TargetWithFilterChain.PrecalculateStackTraceUsage()",1,0,0.00,0.00,"NLog.DLL",
11,"NLog.Internal.ObjectGraphScanner.FindReachableObjects(object[])",1,0,0.00,0.00,"NLog.DLL",
12,"NLog.Internal.ObjectGraphScanner.ScanProperties(class System.Collections.Generic.List`1<!!0>,object,int32,class System.Collections.Generic.Dictionary`2<object,int32>)",1,0,0.00,0.00,"NLog.DLL",
13,"NLog.Internal.ObjectGraphScanner.ScanProperties(class System.Collections.Generic.List`1<!!0>,object,int32,class System.Collections.Generic.Dictionary`2<object,int32>)",1,0,0.00,0.00,"NLog.DLL",
14,"NLog.Internal.ObjectGraphScanner.ScanProperties(class System.Collections.Generic.List`1<!!0>,object,int32,class System.Collections.Generic.Dictionary`2<object,int32>)",1,0,0.00,0.00,"NLog.DLL",
15,"NLog.Internal.ObjectGraphScanner.ScanProperties(class System.Collections.Generic.List`1<!!0>,object,int32,class System.Collections.Generic.Dictionary`2<object,int32>)",1,0,0.00,0.00,"NLog.DLL",
16,"System.RuntimeType.IsDefined(class System.Type,bool)",1,1,0.00,0.00,"mscorlib.dll",
3,"BingAnswers.TrueKnowledge..ctor()",1,0,0.00,0.00,"BingAnswers.DLL",
4,"NLog.LogManager.GetCurrentClassLogger()",1,0,0.00,0.00,"NLog.DLL",
5,"NLog.LogFactory.GetLogger(string)",1,0,0.00,0.00,"NLog.DLL",
6,"NLog.LogFactory.GetLogger(class NLog.LogFactory/LoggerCacheKey)",1,0,0.00,0.00,"NLog.DLL",
7,"NLog.LogFactory.GetConfigurationForLogger(string,class NLog.Config.LoggingConfiguration)",1,0,0.00,0.00,"NLog.DLL",
8,"NLog.LogFactory.GetTargetsByLevelForLogger(string,class System.Collections.Generic.IList`1<class NLog.Config.LoggingRule>,class NLog.Internal.TargetWithFilterChain[],class NLog.Internal.TargetWithFilterChain[])",1,0,0.00,0.00,"NLog.DLL",
9,"NLog.LogFactory.GetTargetsByLevelForLogger(string,class System.Collections.Generic.IList`1<class NLog.Config.LoggingRule>,class NLog.Internal.TargetWithFilterChain[],class NLog.Internal.TargetWithFilterChain[])",1,0,0.00,0.00,"NLog.DLL",
10,"NLog.Internal.TargetWithFilterChain.PrecalculateStackTraceUsage()",1,0,0.00,0.00,"NLog.DLL",
11,"NLog.Internal.ObjectGraphScanner.FindReachableObjects(object[])",1,0,0.00,0.00,"NLog.DLL",
12,"NLog.Internal.ObjectGraphScanner.ScanProperties(class System.Collections.Generic.List`1<!!0>,object,int32,class System.Collections.Generic.Dictionary`2<object,int32>)",1,0,0.00,0.00,"NLog.DLL",
13,"NLog.Internal.ObjectGraphScanner.ScanProperties(class System.Collections.Generic.List`1<!!0>,object,int32,class System.Collections.Generic.Dictionary`2<object,int32>)",1,0,0.00,0.00,"NLog.DLL",
14,"NLog.Internal.ObjectGraphScanner.ScanProperties(class System.Collections.Generic.List`1<!!0>,object,int32,class System.Collections.Generic.Dictionary`2<object,int32>)",1,0,0.00,0.00,"NLog.DLL",
15,"NLog.Internal.ObjectGraphScanner.ScanProperties(class System.Collections.Generic.List`1<!!0>,object,int32,class System.Collections.Generic.Dictionary`2<object,int32>)",1,0,0.00,0.00,"NLog.DLL",
16,"NLog.Internal.ObjectGraphScanner.ScanProperties(class System.Collections.Generic.List`1<!!0>,object,int32,class System.Collections.Generic.Dictionary`2<object,int32>)",1,0,0.00,0.00,"NLog.DLL",
17,"System.RuntimeType.IsDefined(class System.Type,bool)",1,1,0.00,0.00,"mscorlib.dll",
3,"BingAnswers.WikiHow..ctor()",1,0,0.00,0.00,"BingAnswers.DLL",
4,"NLog.LogManager.GetCurrentClassLogger()",1,0,0.00,0.00,"NLog.DLL",
5,"NLog.LogFactory.GetLogger(string)",1,0,0.00,0.00,"NLog.DLL",
6,"NLog.LogFactory.GetLogger(class NLog.LogFactory/LoggerCacheKey)",1,0,0.00,0.00,"NLog.DLL",
7,"NLog.LogFactory.GetConfigurationForLogger(string,class NLog.Config.LoggingConfiguration)",1,0,0.00,0.00,"NLog.DLL",
8,"NLog.LogFactory.GetTargetsByLevelForLogger(string,class System.Collections.Generic.IList`1<class NLog.Config.LoggingRule>,class NLog.Internal.TargetWithFilterChain[],class NLog.Internal.TargetWithFilterChain[])",1,0,0.00,0.00,"NLog.DLL",
9,"NLog.Internal.TargetWithFilterChain.PrecalculateStackTraceUsage()",1,0,0.00,0.00,"NLog.DLL",
10,"NLog.Internal.ObjectGraphScanner.FindReachableObjects(object[])",1,0,0.00,0.00,"NLog.DLL",
11,"NLog.Internal.ObjectGraphScanner.ScanProperties(class System.Collections.Generic.List`1<!!0>,object,int32,class System.Collections.Generic.Dictionary`2<object,int32>)",1,0,0.00,0.00,"NLog.DLL",
12,"NLog.Internal.ObjectGraphScanner.ScanProperties(class System.Collections.Generic.List`1<!!0>,object,int32,class System.Collections.Generic.Dictionary`2<object,int32>)",1,0,0.00,0.00,"NLog.DLL",
13,"NLog.Internal.ObjectGraphScanner.ScanProperties(class System.Collections.Generic.List`1<!!0>,object,int32,class System.Collections.Generic.Dictionary`2<object,int32>)",1,0,0.00,0.00,"NLog.DLL",
14,"NLog.Internal.ObjectGraphScanner.ScanProperties(class System.Collections.Generic.List`1<!!0>,object,int32,class System.Collections.Generic.Dictionary`2<object,int32>)",1,0,0.00,0.00,"NLog.DLL",
15,"NLog.Internal.ObjectGraphScanner.ScanProperties(class System.Collections.Generic.List`1<!!0>,object,int32,class System.Collections.Generic.Dictionary`2<object,int32>)",1,0,0.00,0.00,"NLog.DLL",
16,"System.RuntimeType.IsDefined(class System.Type,bool)",1,1,0.00,0.00,"mscorlib.dll",
3,"System.Web.HttpRequest.get_Params()",1,1,0.00,0.00,"System.Web.dll",
0,"BingAnswers.Answers.<>c__DisplayClassd.<Page_Load>b__8()","9,854",0,39.29,0.00,"BingAnswers.DLL",
1,"BingAnswers.Answers.GetSource(class BingAnswers.Answer,string)","9,854",0,39.29,0.00,"BingAnswers.DLL",
2,"BingAnswers.Quora.GetAnswer(string)","9,854",525,39.29,2.09,"BingAnswers.DLL",
3,"BingAnswers.Quora.ParseSearchResult(class System.IO.Stream,string)","8,677",563,34.60,2.24,"BingAnswers.DLL",
4,"System.Threading.Thread.get_IsAlive()","5,190","5,190",20.69,20.69,"mscorlib.dll",
4,"System.Collections.Generic.List`1.Add(!0)","1,115","1,115",4.45,4.45,"mscorlib.dll",
4,"System.Collections.Generic.List`1.GetEnumerator()",730,730,2.91,2.91,"mscorlib.dll",
4,"System.Collections.Generic.List`1.Enumerator.MoveNext()",677,677,2.70,2.70,"mscorlib.dll",
4,"System.Collections.Generic.List`1..ctor()",294,294,1.17,1.17,"mscorlib.dll",
4,"System.Collections.Generic.List`1.Enumerator.get_Current()",49,49,0.20,0.20,"mscorlib.dll",
4,"JIT_NewFast(struct CORINFO_CLASS_STRUCT_ *)",23,23,0.09,0.09,"clr.dll",
4,"System.Collections.Generic.List`1.get_Count()",15,15,0.06,0.06,"mscorlib.dll",
4,"System.Collections.Generic.List`1.Enumerator.Dispose()",13,13,0.05,0.05,"mscorlib.dll",
4,"System.Xml.Serialization.XmlSerializer..ctor(class System.Type)",5,5,0.02,0.02,"System.Xml.dll",
4,"__EH_epilog3",1,1,0.00,0.00,"clr.dll",
4,"System.Xml.Serialization.XmlSerializer.Deserialize(class System.Xml.XmlReader)",1,1,0.00,0.00,"System.Xml.dll",
4,"WKS::GCHeap::Alloc(struct alloc_context *,unsigned int,unsigned long)",1,1,0.00,0.00,"clr.dll",
3,"JIT_GetGenericsGCStaticBase(class MethodTable *)",499,499,1.99,1.99,"clr.dll",
3,"ThreadNative::IsAlive(class ThreadBaseObject *)",121,121,0.48,0.48,"clr.dll",
3,"System.Collections.Generic.List`1.GetEnumerator()",14,14,0.06,0.06,"mscorlib.dll",
3,"BingAnswers.Quora.sendBingSearchRequest(string)",11,0,0.04,0.00,"BingAnswers.DLL",
4,"BingAnswers.Util.MakeWebRequestStream(string)",11,0,0.04,0.00,"BingAnswers.DLL",
5,"System.Net.WebRequest.Create(string)",5,5,0.02,0.02,"System.dll",
5,"System.Net.HttpWebRequest.GetResponse()",3,3,0.01,0.01,"System.dll",
5,"System.Net.WebHeaderCollection.Add(string,string)",3,3,0.01,0.01,"System.dll",
3,"System.Collections.Generic.List`1.Enumerator.MoveNext()",5,5,0.02,0.02,"mscorlib.dll",
3,"JIT_NewFast(struct CORINFO_CLASS_STRUCT_ *)",1,1,0.00,0.00,"clr.dll",
3,"Unknown Frame(s)",1,1,0.00,0.00,"UNKNOWN",
0,"BingAnswers.Quora.<>c__DisplayClass3.<ParseSearchResult>b__0()","1,528",0,6.09,0.00,"BingAnswers.DLL",
1,"BingAnswers.Quora.GetQuoraAnswer(class BingAnswers.Answer,class System.Collections.Generic.List`1<class BingAnswers.Answer>)","1,528",0,6.09,0.00,"BingAnswers.DLL",
2,"HtmlAgilityPack.HtmlDocument.Load(class System.IO.Stream)",924,0,3.68,0.00,"HtmlAgilityPack.DLL",
3,"HtmlAgilityPack.HtmlDocument.Load(class System.IO.TextReader)",924,1,3.68,0.00,"HtmlAgilityPack.DLL",
4,"HtmlAgilityPack.HtmlDocument.Parse()",902,47,3.60,0.19,"HtmlAgilityPack.DLL",
5,"HtmlAgilityPack.HtmlNode.get_Name()",333,5,1.33,0.02,"HtmlAgilityPack.DLL",
6,"System.String.ToLower()",328,328,1.31,1.31,"mscorlib.dll",
5,"System.String.Compare(string,string,bool)",233,233,0.93,0.93,"mscorlib.dll",
5,"HtmlAgilityPack.HtmlDocument.PushNodeEnd(int32,bool)",83,1,0.33,0.00,"HtmlAgilityPack.DLL",
6,"HtmlAgilityPack.HtmlDocument.CloseCurrentNode()",35,2,0.14,0.01,"HtmlAgilityPack.DLL",
7,"HtmlAgilityPack.HtmlNode.get_Name()",20,0,0.08,0.00,"HtmlAgilityPack.DLL",
8,"System.String.ToLower()",20,20,0.08,0.08,"mscorlib.dll",
7,"HtmlAgilityPack.HtmlNode.CloseNode(class HtmlAgilityPack.HtmlNode)",8,1,0.03,0.00,"HtmlAgilityPack.DLL",
8,"HtmlAgilityPack.HtmlNode.get_Name()",3,0,0.01,0.00,"HtmlAgilityPack.DLL",
9,"System.String.ToLower()",3,3,0.01,0.01,"mscorlib.dll",
8,"HtmlAgilityPack.HtmlNodeCollection.System.Collections.Generic.IEnumerable<HtmlAgilityPack.HtmlNode>.GetEnumerator()",1,1,0.00,0.00,"HtmlAgilityPack.DLL",
8,"System.Collections.Hashtable.Remove(object)",1,1,0.00,0.00,"mscorlib.dll",
8,"System.Collections.Generic.List`1.Enumerator.MoveNext()",1,1,0.00,0.00,"mscorlib.dll",
8,"System.Collections.Generic.List`1.Enumerator.Dispose()",1,1,0.00,0.00,"mscorlib.dll",
7,"HtmlAgilityPack.HtmlNode.IsClosedElement(string)",4,0,0.02,0.00,"HtmlAgilityPack.DLL",
8,"System.String.ToLower()",4,4,0.02,0.02,"mscorlib.dll",
7,"System.Collections.Hashtable.InitHash(object,int32,uint32&,uint32&)",1,1,0.00,0.00,"mscorlib.dll",
6,"HtmlAgilityPack.HtmlNode.AppendChild(class HtmlAgilityPack.HtmlNode)",19,0,0.08,0.00,"HtmlAgilityPack.DLL",
7,"HtmlAgilityPack.HtmlNode.GetId()",8,0,0.03,0.00,"HtmlAgilityPack.DLL",
8,"HtmlAgilityPack.HtmlAttributeCollection.get_Item(string)",8,0,0.03,0.00,"HtmlAgilityPack.DLL",
9,"System.String.ToLower()",8,8,0.03,0.03,"mscorlib.dll",
7,"HtmlAgilityPack.HtmlDocument.SetIdForNode(class HtmlAgilityPack.HtmlNode,string)",8,0,0.03,0.00,"HtmlAgilityPack.DLL",
8,"System.String.ToLower()",5,5,0.02,0.02,"mscorlib.dll",
8,"System.Collections.Hashtable.set_Item(object,object)",3,3,0.01,0.01,"mscorlib.dll",
7,"HtmlAgilityPack.HtmlNodeCollection.Append(class HtmlAgilityPack.HtmlNode)",3,0,0.01,0.00,"HtmlAgilityPack.DLL",
8,"System.Collections.Generic.List`1.Add(!0)",3,3,0.01,0.01,"mscorlib.dll",
6,"HtmlAgilityPack.HtmlNode.get_Name()",11,0,0.04,0.00,"HtmlAgilityPack.DLL",
7,"System.String.ToLower()",11,11,0.04,0.04,"mscorlib.dll",
6,"HtmlAgilityPack.HtmlNode.IsCDataElement(string)",5,1,0.02,0.00,"HtmlAgilityPack.DLL",
7,"System.Collections.Hashtable.get_Item(object)",2,2,0.01,0.01,"mscorlib.dll",
7,"System.String.ToLower()",2,2,0.01,0.01,"mscorlib.dll",
6,"HtmlAgilityPack.HtmlNode.IsClosedElement(string)",4,0,0.02,0.00,"HtmlAgilityPack.DLL",
7,"System.String.ToLower()",2,2,0.01,0.01,"mscorlib.dll",
7,"System.Collections.Hashtable.get_Item(object)",2,2,0.01,0.01,"mscorlib.dll",
6,"System.Collections.Hashtable.get_Item(object)",2,2,0.01,0.01,"mscorlib.dll",
6,"HtmlAgilityPack.HtmlDocument.ReadDocumentEncoding(class HtmlAgilityPack.HtmlNode)",2,0,0.01,0.00,"HtmlAgilityPack.DLL",
7,"HtmlAgilityPack.HtmlNode.get_Name()",2,0,0.01,0.00,"HtmlAgilityPack.DLL",
8,"System.String.ToLower()",2,2,0.01,0.01,"mscorlib.dll",
6,"HtmlAgilityPack.HtmlNode.IsEmptyElement(string)",2,0,0.01,0.00,"HtmlAgilityPack.DLL",
7,"System.Collections.Hashtable.get_Item(object)",1,1,0.00,0.00,"mscorlib.dll",
7,"System.String.ToLower()",1,1,0.00,0.00,"mscorlib.dll",
6,"System.Collections.Hashtable.set_Item(object,object)",1,1,0.00,0.00,"mscorlib.dll",
6,"HtmlAgilityPack.HtmlDocument.CurrentNodeName()",1,0,0.00,0.00,"HtmlAgilityPack.DLL",
7,"System.String.Substring(int32,int32)",1,1,0.00,0.00,"mscorlib.dll",
5,"System.String.Concat(string,string)",81,81,0.32,0.32,"mscorlib.dll",
5,"System.String.Substring(int32,int32)",74,74,0.30,0.30,"mscorlib.dll",
5,"HtmlAgilityPack.HtmlDocument.PushAttributeNameEnd(int32)",20,1,0.08,0.00,"HtmlAgilityPack.DLL",
6,"HtmlAgilityPack.HtmlAttributeCollection.Append(class HtmlAgilityPack.HtmlAttribute)",17,0,0.07,0.00,"HtmlAgilityPack.DLL",
7,"System.Collections.Generic.Dictionary`2.set_Item(!0,!1)",10,10,0.04,0.04,"mscorlib.dll",
7,"HtmlAgilityPack.HtmlAttribute.get_Name()",7,0,0.03,0.00,"HtmlAgilityPack.DLL",
8,"System.String.ToLower()",7,7,0.03,0.03,"mscorlib.dll",
6,"HtmlAgilityPack.HtmlNode.get_Attributes()",2,0,0.01,0.00,"HtmlAgilityPack.DLL",
7,"HtmlAgilityPack.HtmlNode.get_HasAttributes()",1,1,0.00,0.00,"HtmlAgilityPack.DLL",
7,"HtmlAgilityPack.HtmlAttributeCollection..ctor(class HtmlAgilityPack.HtmlNode)",1,0,0.00,0.00,"HtmlAgilityPack.DLL",
8,"System.Collections.Generic.Dictionary`2..ctor()",1,1,0.00,0.00,"mscorlib.dll",
5,"HtmlAgilityPack.HtmlDocument.NewCheck()",16,2,0.06,0.01,"HtmlAgilityPack.DLL",
6,"HtmlAgilityPack.HtmlDocument.PushNodeStart(valuetype HtmlAgilityPack.HtmlNodeType,int32)",10,0,0.04,0.00,"HtmlAgilityPack.DLL",
7,"HtmlAgilityPack.HtmlDocument.CreateNode(valuetype HtmlAgilityPack.HtmlNodeType,int32)",10,0,0.04,0.00,"HtmlAgilityPack.DLL",
8,"HtmlAgilityPack.HtmlNode..ctor(valuetype HtmlAgilityPack.HtmlNodeType,class HtmlAgilityPack.HtmlDocument,int32)",9,1,0.04,0.00,"HtmlAgilityPack.DLL",
9,"System.Collections.Hashtable.Add(object,object)",7,7,0.03,0.03,"mscorlib.dll",
9,"_JIT_WriteBarrierEAX@0",1,1,0.00,0.00,"clr.dll",
8,"JIT_NewFast(struct CORINFO_CLASS_STRUCT_ *)",1,1,0.00,0.00,"clr.dll",
6,"HtmlAgilityPack.HtmlDocument.PushNodeEnd(int32,bool)",4,0,0.02,0.00,"HtmlAgilityPack.DLL",
7,"HtmlAgilityPack.HtmlNode.AppendChild(class HtmlAgilityPack.HtmlNode)",4,0,0.02,0.00,"HtmlAgilityPack.DLL",
8,"HtmlAgilityPack.HtmlDocument.SetIdForNode(class HtmlAgilityPack.HtmlNode,string)",2,0,0.01,0.00,"HtmlAgilityPack.DLL",
9,"System.String.ToLower()",2,2,0.01,0.01,"mscorlib.dll",
8,"HtmlAgilityPack.HtmlNode.GetId()",2,0,0.01,0.00,"HtmlAgilityPack.DLL",
9,"HtmlAgilityPack.HtmlAttributeCollection.get_Item(string)",2,0,0.01,0.00,"HtmlAgilityPack.DLL",
10,"System.String.ToLower()",2,2,0.01,0.01,"mscorlib.dll",
5,"HtmlAgilityPack.HtmlDocument.IncrementPosition()",10,10,0.04,0.04,"HtmlAgilityPack.DLL",
5,"HtmlAgilityPack.HtmlDocument.PushAttributeNameStart(int32)",3,1,0.01,0.00,"HtmlAgilityPack.DLL",
6,"_JIT_WriteBarrierEAX@0",1,1,0.00,0.00,"clr.dll",
6,"HtmlAgilityPack.HtmlDocument.CreateAttribute()",1,1,0.00,0.00,"HtmlAgilityPack.DLL",
5,"HtmlAgilityPack.HtmlDocument.IsWhiteSpace(int32)",1,1,0.00,0.00,"HtmlAgilityPack.DLL",
5,"HtmlAgilityPack.HtmlDocument.PushNodeStart(valuetype HtmlAgilityPack.HtmlNodeType,int32)",1,0,0.00,0.00,"HtmlAgilityPack.DLL",
6,"HtmlAgilityPack.HtmlDocument.CreateNode(valuetype HtmlAgilityPack.HtmlNodeType,int32)",1,0,0.00,0.00,"HtmlAgilityPack.DLL",
7,"HtmlAgilityPack.HtmlTextNode..ctor(class HtmlAgilityPack.HtmlDocument,int32)",1,0,0.00,0.00,"HtmlAgilityPack.DLL",
8,"HtmlAgilityPack.HtmlNode..ctor(valuetype HtmlAgilityPack.HtmlNodeType,class HtmlAgilityPack.HtmlDocument,int32)",1,0,0.00,0.00,"HtmlAgilityPack.DLL",
9,"_JIT_WriteBarrierESI@0",1,1,0.00,0.00,"clr.dll",
4,"System.IO.StreamReader.ReadToEnd()",19,19,0.08,0.08,"mscorlib.dll",
4,"System.String.Concat(string,string)",2,2,0.01,0.01,"mscorlib.dll",
2,"HtmlAgilityPack.HtmlNode.SelectNodes(string)",603,0,2.40,0.00,"HtmlAgilityPack.DLL",
3,"System.Xml.XPath.XPathNavigator.Select(string)",596,120,2.38,0.48,"System.Xml.dll",
4,"HtmlAgilityPack.HtmlNodeNavigator.Clone()",218,18,0.87,0.07,"HtmlAgilityPack.DLL",
5,"HtmlAgilityPack.HtmlNodeNavigator..ctor(class HtmlAgilityPack.HtmlNodeNavigator)",200,21,0.80,0.08,"HtmlAgilityPack.DLL",
6,"HtmlAgilityPack.HtmlDocument..ctor()",99,22,0.39,0.09,"HtmlAgilityPack.DLL",
7,"System.Collections.Hashtable..ctor()",46,46,0.18,0.18,"mscorlib.dll",
7,"HtmlAgilityPack.HtmlDocument.CreateNode(valuetype HtmlAgilityPack.HtmlNodeType,int32)",14,3,0.06,0.01,"HtmlAgilityPack.DLL",
8,"HtmlAgilityPack.HtmlNode..ctor(valuetype HtmlAgilityPack.HtmlNodeType,class HtmlAgilityPack.HtmlDocument,int32)",9,7,0.04,0.03,"HtmlAgilityPack.DLL",
9,"_JIT_WriteBarrierEAX@0",1,1,0.00,0.00,"clr.dll",
9,"HtmlAgilityPack.HtmlNode.set_Name(string)",1,0,0.00,0.00,"HtmlAgilityPack.DLL",
10,"_JIT_WriteBarrierEAX@0",1,1,0.00,0.00,"clr.dll",
8,"JIT_NewFast(struct CORINFO_CLASS_STRUCT_ *)",2,2,0.01,0.01,"clr.dll",
7,"System.Collections.Generic.List`1..ctor()",9,9,0.04,0.04,"mscorlib.dll",
7,"System.Text.Encoding.get_Default()",3,3,0.01,0.01,"mscorlib.dll",
7,"JIT_NewFast(struct CORINFO_CLASS_STRUCT_ *)",3,3,0.01,0.01,"clr.dll",
7,"_JIT_WriteBarrierEAX@0",1,1,0.00,0.00,"clr.dll",
7,"System.Object..ctor()",1,1,0.00,0.00,"mscorlib.dll",
6,"HtmlAgilityPack.HtmlNameTable..ctor()",34,11,0.14,0.04,"HtmlAgilityPack.DLL",
7,"System.Xml.NameTable..ctor()",20,20,0.08,0.08,"System.Xml.dll",
7,"JIT_NewFast(struct CORINFO_CLASS_STRUCT_ *)",1,1,0.00,0.00,"clr.dll",
7,"_JIT_WriteBarrierESI@0",1,1,0.00,0.00,"clr.dll",
7,"System.Xml.XmlNameTable..ctor()",1,1,0.00,0.00,"System.Xml.dll",
6,"JIT_GetGenericsGCStaticBase(class MethodTable *)",29,29,0.12,0.12,"clr.dll",
6,"_JIT_WriteBarrierEAX@0",6,6,0.02,0.02,"clr.dll",
6,"JIT_NewFast(struct CORINFO_CLASS_STRUCT_ *)",4,4,0.02,0.02,"clr.dll",
6,"System.Xml.XPath.XPathNavigator..ctor()",4,4,0.02,0.02,"System.Xml.dll",
6,"_JIT_WriteBarrierEBX@0",3,3,0.01,0.01,"clr.dll",
4,"HtmlAgilityPack.HtmlNodeNavigator.MoveToParent()",106,76,0.42,0.30,"HtmlAgilityPack.DLL",
5,"HtmlAgilityPack.HtmlNode.get_ParentNode()",21,21,0.08,0.08,"HtmlAgilityPack.DLL",
5,"_JIT_WriteBarrierEAX@0",9,9,0.04,0.04,"clr.dll",
4,"HtmlAgilityPack.HtmlNodeNavigator.get_LocalName()",63,1,0.25,0.00,"HtmlAgilityPack.DLL",
5,"HtmlAgilityPack.HtmlNode.get_Name()",38,8,0.15,0.03,"HtmlAgilityPack.DLL",
6,"System.String.ToLower()",30,30,0.12,0.12,"mscorlib.dll",
5,"HtmlAgilityPack.HtmlAttribute.get_Name()",12,0,0.05,0.00,"HtmlAgilityPack.DLL",
6,"System.String.ToLower()",12,12,0.05,0.05,"mscorlib.dll",
5,"HtmlAgilityPack.HtmlNameTable.GetOrAdd(string)",10,3,0.04,0.01,"HtmlAgilityPack.DLL",
6,"HtmlAgilityPack.HtmlNameTable.Get(string)",7,1,0.03,0.00,"HtmlAgilityPack.DLL",
7,"System.Xml.NameTable.Get(string)",6,6,0.02,0.02,"System.Xml.dll",
5,"HtmlAgilityPack.HtmlNode.get_Attributes()",1,1,0.00,0.00,"HtmlAgilityPack.DLL",
5,"HtmlAgilityPack.HtmlAttributeCollection.get_Item(int32)",1,0,0.00,0.00,"HtmlAgilityPack.DLL",
6,"System.Collections.Generic.List`1.get_Item(int32)",1,1,0.00,0.00,"mscorlib.dll",
4,"HtmlAgilityPack.HtmlNodeNavigator.MoveToNext()",41,28,0.16,0.11,"HtmlAgilityPack.DLL",
5,"HtmlAgilityPack.HtmlNode.get_NextSibling()",11,11,0.04,0.04,"HtmlAgilityPack.DLL",
5,"_JIT_WriteBarrierEAX@0",2,2,0.01,0.01,"clr.dll",
4,"HtmlAgilityPack.HtmlNodeNavigator.MoveToFirstChild()",16,2,0.06,0.01,"HtmlAgilityPack.DLL",
5,"HtmlAgilityPack.HtmlNode.get_HasChildNodes()",12,9,0.05,0.04,"HtmlAgilityPack.DLL",
6,"HtmlAgilityPack.HtmlNodeCollection.get_Count()",3,3,0.01,0.01,"HtmlAgilityPack.DLL",
5,"HtmlAgilityPack.HtmlNodeCollection.get_Item(int32)",1,1,0.00,0.00,"HtmlAgilityPack.DLL",
5,"_JIT_WriteBarrierEAX@0",1,1,0.00,0.00,"clr.dll",
4,"HtmlAgilityPack.HtmlNodeNavigator.IsSamePosition(class System.Xml.XPath.XPathNavigator)",13,13,0.05,0.05,"HtmlAgilityPack.DLL",
4,"HtmlAgilityPack.HtmlNodeNavigator.get_NodeType()",10,8,0.04,0.03,"HtmlAgilityPack.DLL",
5,"HtmlAgilityPack.HtmlNode.get_NodeType()",2,2,0.01,0.01,"HtmlAgilityPack.DLL",
4,"HtmlAgilityPack.HtmlNodeNavigator.MoveToFirstAttribute()",4,1,0.02,0.00,"HtmlAgilityPack.DLL",
5,"HtmlAgilityPack.HtmlNodeNavigator.get_HasAttributes()",3,0,0.01,0.00,"HtmlAgilityPack.DLL",
6,"HtmlAgilityPack.HtmlNode.get_Attributes()",3,1,0.01,0.00,"HtmlAgilityPack.DLL",
7,"HtmlAgilityPack.HtmlNode.get_HasAttributes()",2,1,0.01,0.00,"HtmlAgilityPack.DLL",
8,"HtmlAgilityPack.HtmlAttributeCollection.get_Count()",1,1,0.00,0.00,"HtmlAgilityPack.DLL",
4,"HtmlAgilityPack.HtmlNodeNavigator.MoveToNextAttribute()",3,1,0.01,0.00,"HtmlAgilityPack.DLL",
5,"HtmlAgilityPack.HtmlNode.get_Attributes()",2,0,0.01,0.00,"HtmlAgilityPack.DLL",
6,"HtmlAgilityPack.HtmlNode.get_HasAttributes()",2,1,0.01,0.00,"HtmlAgilityPack.DLL",
7,"HtmlAgilityPack.HtmlAttributeCollection.get_Count()",1,1,0.00,0.00,"HtmlAgilityPack.DLL",
4,"HtmlAgilityPack.HtmlNodeNavigator.get_HasAttributes()",1,1,0.00,0.00,"HtmlAgilityPack.DLL",
4,"HtmlAgilityPack.HtmlNodeNavigator.get_Value()",1,0,0.00,0.00,"HtmlAgilityPack.DLL",
5,"HtmlAgilityPack.HtmlAttribute.get_Value()",1,0,0.00,0.00,"HtmlAgilityPack.DLL",
6,"System.String.Substring(int32,int32)",1,1,0.00,0.00,"mscorlib.dll",
3,"MS.Internal.Xml.XPath.XPathSelectionIterator.MoveNext()",7,2,0.03,0.01,"System.Xml.dll",
4,"HtmlAgilityPack.HtmlNodeNavigator.Clone()",3,0,0.01,0.00,"HtmlAgilityPack.DLL",
5,"HtmlAgilityPack.HtmlNodeNavigator..ctor(class HtmlAgilityPack.HtmlNodeNavigator)",3,1,0.01,0.00,"HtmlAgilityPack.DLL",
6,"HtmlAgilityPack.HtmlDocument..ctor()",2,0,0.01,0.00,"HtmlAgilityPack.DLL",
7,"HtmlAgilityPack.HtmlDocument.CreateNode(valuetype HtmlAgilityPack.HtmlNodeType,int32)",1,0,0.00,0.00,"HtmlAgilityPack.DLL",
8,"JIT_NewFast(struct CORINFO_CLASS_STRUCT_ *)",1,1,0.00,0.00,"clr.dll",
7,"System.Text.Encoding.get_Default()",1,1,0.00,0.00,"mscorlib.dll",
4,"HtmlAgilityPack.HtmlNodeNavigator.get_LocalName()",2,0,0.01,0.00,"HtmlAgilityPack.DLL",
5,"HtmlAgilityPack.HtmlAttribute.get_Name()",2,0,0.01,0.00,"HtmlAgilityPack.DLL",
6,"System.String.ToLower()",2,2,0.01,0.01,"mscorlib.dll",
2,"HtmlAgilityPack.HtmlNode.get_InnerText()",1,0,0.00,0.00,"HtmlAgilityPack.DLL",
3,"HtmlAgilityPack.HtmlNode.get_InnerText()",1,0,0.00,0.00,"HtmlAgilityPack.DLL",
4,"HtmlAgilityPack.HtmlTextNode.get_Text()",1,0,0.00,0.00,"HtmlAgilityPack.DLL",
5,"HtmlAgilityPack.HtmlNode.get_OuterHtml()",1,0,0.00,0.00,"HtmlAgilityPack.DLL",
6,"System.String.Substring(int32,int32)",1,1,0.00,0.00,"mscorlib.dll",
0,"BingAnswers.Answers.<>c__DisplayClassd.<Page_Load>b__6()","1,103",0,4.40,0.00,"BingAnswers.DLL",
1,"BingAnswers.Answers.GetSource(class BingAnswers.Answer,string)","1,103",0,4.40,0.00,"BingAnswers.DLL",
2,"BingAnswers.WikiHow.GetAnswer(string)","1,103",14,4.40,0.06,"BingAnswers.DLL",
3,"BingAnswers.WikiHow.ParseSearchResult(class System.IO.Stream,string)","1,001",72,3.99,0.29,"BingAnswers.DLL",
4,"System.Threading.Thread.get_IsAlive()",587,587,2.34,2.34,"mscorlib.dll",
4,"System.Collections.Generic.List`1.Add(!0)",151,151,0.60,0.60,"mscorlib.dll",
4,"System.Collections.Generic.List`1.Enumerator.MoveNext()",93,93,0.37,0.37,"mscorlib.dll",
4,"System.Collections.Generic.List`1.GetEnumerator()",48,48,0.19,0.19,"mscorlib.dll",
4,"System.Collections.Generic.List`1..ctor()",34,34,0.14,0.14,"mscorlib.dll",
4,"System.Collections.Generic.List`1.Enumerator.get_Current()",6,6,0.02,0.02,"mscorlib.dll",
4,"System.Collections.Generic.List`1.Enumerator.Dispose()",2,2,0.01,0.01,"mscorlib.dll",
4,"JIT_NewFast(struct CORINFO_CLASS_STRUCT_ *)",2,2,0.01,0.01,"clr.dll",
4,"System.Xml.Serialization.XmlSerializer..ctor(class System.Type)",2,2,0.01,0.01,"System.Xml.dll",
4,"System.Collections.Generic.List`1.get_Count()",1,1,0.00,0.00,"mscorlib.dll",
4,"System.Threading.Thread.Start()",1,1,0.00,0.00,"mscorlib.dll",
4,"__EH_epilog3",1,1,0.00,0.00,"clr.dll",
4,"System.Xml.XmlDocument.Load(class System.IO.Stream)",1,1,0.00,0.00,"System.Xml.dll",
3,"JIT_GetGenericsGCStaticBase(class MethodTable *)",51,51,0.20,0.20,"clr.dll",
3,"ThreadNative::IsAlive(class ThreadBaseObject *)",24,24,0.10,0.10,"clr.dll",
3,"BingAnswers.WikiHow.sendBingSearchRequest(string)",11,0,0.04,0.00,"BingAnswers.DLL",
4,"BingAnswers.Util.MakeWebRequestStream(string)",11,0,0.04,0.00,"BingAnswers.DLL",
5,"System.Net.WebRequest.Create(string)",7,7,0.03,0.03,"System.dll",
5,"System.Net.HttpWebRequest.GetResponse()",4,4,0.02,0.02,"System.dll",
3,"System.Collections.Generic.List`1.Enumerator.MoveNext()",2,2,0.01,0.01,"mscorlib.dll",
0,"BingAnswers.Answers.<>c__DisplayClassd.<Page_Load>b__7()",728,0,2.90,0.00,"BingAnswers.DLL",
1,"BingAnswers.Answers.GetSource(class BingAnswers.Answer,string)",728,0,2.90,0.00,"BingAnswers.DLL",
2,"BingAnswers.WikiAnswers.GetAnswer(string)",728,25,2.90,0.10,"BingAnswers.DLL",
3,"BingAnswers.WikiAnswers.ParseSearchResult(class System.IO.Stream,string)",639,64,2.55,0.26,"BingAnswers.DLL",
4,"System.Threading.Thread.get_IsAlive()",330,330,1.32,1.32,"mscorlib.dll",
4,"System.Collections.Generic.List`1.Add(!0)",99,99,0.39,0.39,"mscorlib.dll",
4,"System.Collections.Generic.List`1.Enumerator.MoveNext()",59,59,0.24,0.24,"mscorlib.dll",
4,"System.Collections.Generic.List`1.GetEnumerator()",59,59,0.24,0.24,"mscorlib.dll",
4,"System.Collections.Generic.List`1..ctor()",17,17,0.07,0.07,"mscorlib.dll",
4,"System.Collections.Generic.List`1.Enumerator.get_Current()",7,7,0.03,0.03,"mscorlib.dll",
4,"System.Collections.Generic.List`1.Enumerator.Dispose()",1,1,0.00,0.00,"mscorlib.dll",
4,"System.Threading.Thread.Start()",1,1,0.00,0.00,"mscorlib.dll",
4,"System.Xml.Serialization.XmlSerializer..ctor(class System.Type)",1,1,0.00,0.00,"System.Xml.dll",
4,"System.Collections.Generic.List`1.get_Count()",1,1,0.00,0.00,"mscorlib.dll",
3,"JIT_GetGenericsGCStaticBase(class MethodTable *)",37,37,0.15,0.15,"clr.dll",
3,"ThreadNative::IsAlive(class ThreadBaseObject *)",19,19,0.08,0.08,"clr.dll",
3,"BingAnswers.WikiAnswers.sendBingSearchRequest(string)",7,0,0.03,0.00,"BingAnswers.DLL",
4,"BingAnswers.Util.MakeWebRequestStream(string)",7,0,0.03,0.00,"BingAnswers.DLL",
5,"System.Net.WebRequest.Create(string)",7,7,0.03,0.03,"System.dll",
3,"System.Collections.Generic.List`1.GetEnumerator()",1,1,0.00,0.00,"mscorlib.dll",
0,"BingAnswers.Answers.<>c__DisplayClassd.<Page_Load>b__2()",647,0,2.58,0.00,"BingAnswers.DLL",
1,"BingAnswers.Answers.GetSource(class BingAnswers.Answer,string)",647,0,2.58,0.00,"BingAnswers.DLL",
2,"BingAnswers.MSDNForum.GetAnswer(string)",647,22,2.58,0.09,"BingAnswers.DLL",
3,"BingAnswers.MSDNForum.ParseResponse(string)",565,51,2.25,0.20,"BingAnswers.DLL",
4,"System.Threading.Thread.get_IsAlive()",304,304,1.21,1.21,"mscorlib.dll",
4,"System.Collections.Generic.List`1.Add(!0)",98,98,0.39,0.39,"mscorlib.dll",
4,"System.Collections.Generic.List`1.Enumerator.MoveNext()",45,45,0.18,0.18,"mscorlib.dll",
4,"System.Collections.Generic.List`1.GetEnumerator()",43,43,0.17,0.17,"mscorlib.dll",
4,"System.Collections.Generic.List`1..ctor()",16,16,0.06,0.06,"mscorlib.dll",
4,"System.Collections.Generic.List`1.Enumerator.get_Current()",4,4,0.02,0.02,"mscorlib.dll",
4,"System.Collections.Generic.List`1.Enumerator.Dispose()",2,2,0.01,0.01,"mscorlib.dll",
4,"System.Threading.Thread.Start()",1,1,0.00,0.00,"mscorlib.dll",
4,"__EH_epilog3",1,1,0.00,0.00,"clr.dll",
3,"JIT_GetGenericsGCStaticBase(class MethodTable *)",49,49,0.20,0.20,"clr.dll",
3,"ThreadNative::IsAlive(class ThreadBaseObject *)",8,8,0.03,0.03,"clr.dll",
3,"BingAnswers.MSDNForum.SendRequest(string)",3,0,0.01,0.00,"BingAnswers.DLL",
4,"BingAnswers.Util.MakeWebRequest(string)",3,0,0.01,0.00,"BingAnswers.DLL",
5,"System.Net.WebRequest.Create(string)",2,2,0.01,0.01,"System.dll",
5,"System.Net.HttpWebRequest.GetResponse()",1,1,0.00,0.00,"System.dll",
0,"BingAnswers.Answers.<>c__DisplayClassd.<Page_Load>b__0()",164,0,0.65,0.00,"BingAnswers.DLL",
1,"BingAnswers.Answers.GetSource(class BingAnswers.Answer,string)",164,0,0.65,0.00,"BingAnswers.DLL",
2,"BingAnswers.StackOverflow.GetAnswer(string)",164,2,0.65,0.01,"BingAnswers.DLL",
3,"BingAnswers.StackOverflow.ParseResponse(string)",143,16,0.57,0.06,"BingAnswers.DLL",
4,"System.Threading.Thread.get_IsAlive()",69,69,0.28,0.28,"mscorlib.dll",
4,"System.Collections.Generic.List`1.Add(!0)",27,27,0.11,0.11,"mscorlib.dll",
4,"System.Collections.Generic.List`1.GetEnumerator()",10,10,0.04,0.04,"mscorlib.dll",
4,"System.Collections.Generic.List`1.Enumerator.MoveNext()",10,10,0.04,0.04,"mscorlib.dll",
4,"System.Collections.Generic.List`1..ctor()",9,9,0.04,0.04,"mscorlib.dll",
4,"System.Collections.Generic.List`1.Enumerator.get_Current()",2,2,0.01,0.01,"mscorlib.dll",
3,"JIT_GetGenericsGCStaticBase(class MethodTable *)",8,8,0.03,0.03,"clr.dll",
3,"BingAnswers.StackOverflow.SendRequest(string)",8,0,0.03,0.00,"BingAnswers.DLL",
4,"BingAnswers.Util.MakeWebRequest(string)",8,0,0.03,0.00,"BingAnswers.DLL",
5,"System.Net.WebRequest.Create(string)",6,6,0.02,0.02,"System.dll",
5,"System.Net.WebHeaderCollection.Add(string,string)",2,2,0.01,0.01,"System.dll",
3,"ThreadNative::IsAlive(class ThreadBaseObject *)",3,3,0.01,0.01,"clr.dll",
0,"BingAnswers.Answers.<>c__DisplayClassd.<Page_Load>b__5()",158,0,0.63,0.00,"BingAnswers.DLL",
1,"BingAnswers.Answers.GetSource(class BingAnswers.Answer,string)",158,0,0.63,0.00,"BingAnswers.DLL",
2,"BingAnswers.ehow.GetAnswer(string)",158,1,0.63,0.00,"BingAnswers.DLL",
3,"BingAnswers.ehow.ParseSearchResult(class System.IO.Stream,string)",137,12,0.55,0.05,"BingAnswers.DLL",
4,"System.Threading.Thread.get_IsAlive()",70,70,0.28,0.28,"mscorlib.dll",
4,"System.Collections.Generic.List`1.Add(!0)",29,29,0.12,0.12,"mscorlib.dll",
4,"System.Collections.Generic.List`1.Enumerator.MoveNext()",11,11,0.04,0.04,"mscorlib.dll",
4,"System.Collections.Generic.List`1.GetEnumerator()",6,6,0.02,0.02,"mscorlib.dll",
4,"System.Collections.Generic.List`1..ctor()",5,5,0.02,0.02,"mscorlib.dll",
4,"System.Collections.Generic.List`1.Enumerator.get_Current()",2,2,0.01,0.01,"mscorlib.dll",
4,"System.Collections.Generic.List`1.Enumerator.Dispose()",1,1,0.00,0.00,"mscorlib.dll",
4,"System.Xml.Serialization.XmlSerializer.Deserialize(class System.Xml.XmlReader)",1,1,0.00,0.00,"System.Xml.dll",
3,"JIT_GetGenericsGCStaticBase(class MethodTable *)",11,11,0.04,0.04,"clr.dll",
3,"BingAnswers.ehow.sendBingSearchRequest(string)",9,0,0.04,0.00,"BingAnswers.DLL",
4,"BingAnswers.Util.MakeWebRequestStream(string)",9,0,0.04,0.00,"BingAnswers.DLL",
5,"System.Net.WebRequest.Create(string)",4,4,0.02,0.02,"System.dll",
5,"System.Net.WebHeaderCollection.Add(string,string)",3,3,0.01,0.01,"System.dll",
5,"System.Net.HttpWebRequest.GetResponse()",2,2,0.01,0.01,"System.dll",
0,"BingAnswers.WikiHow.<>c__DisplayClass3.<ParseSearchResult>b__0()",80,0,0.32,0.00,"BingAnswers.DLL",
1,"BingAnswers.WikiHow.GetWikihowAnswer(class BingAnswers.Answer,class System.Collections.Generic.List`1<class BingAnswers.Answer>)",80,0,0.32,0.00,"BingAnswers.DLL",
2,"HtmlAgilityPack.HtmlDocument.Load(class System.IO.Stream)",76,0,0.30,0.00,"HtmlAgilityPack.DLL",
3,"HtmlAgilityPack.HtmlDocument.Load(class System.IO.TextReader)",76,1,0.30,0.00,"HtmlAgilityPack.DLL",
4,"HtmlAgilityPack.HtmlDocument.Parse()",73,2,0.29,0.01,"HtmlAgilityPack.DLL",
5,"HtmlAgilityPack.HtmlDocument.PushNodeEnd(int32,bool)",19,0,0.08,0.00,"HtmlAgilityPack.DLL",
6,"HtmlAgilityPack.HtmlDocument.CloseCurrentNode()",7,0,0.03,0.00,"HtmlAgilityPack.DLL",
7,"HtmlAgilityPack.HtmlNode.CloseNode(class HtmlAgilityPack.HtmlNode)",4,0,0.02,0.00,"HtmlAgilityPack.DLL",
8,"HtmlAgilityPack.HtmlNode.get_Name()",1,0,0.00,0.00,"HtmlAgilityPack.DLL",
9,"System.String.ToLower()",1,1,0.00,0.00,"mscorlib.dll",
8,"System.Collections.Hashtable.get_Item(object)",1,1,0.00,0.00,"mscorlib.dll",
8,"System.Collections.Generic.List`1.Enumerator.MoveNext()",1,1,0.00,0.00,"mscorlib.dll",
8,"HtmlAgilityPack.HtmlNodeCollection.System.Collections.Generic.IEnumerable<HtmlAgilityPack.HtmlNode>.GetEnumerator()",1,0,0.00,0.00,"HtmlAgilityPack.DLL",
9,"System.Collections.Generic.List`1.GetEnumerator()",1,1,0.00,0.00,"mscorlib.dll",
7,"HtmlAgilityPack.HtmlNode.get_Name()",1,0,0.00,0.00,"HtmlAgilityPack.DLL",
8,"System.String.ToLower()",1,1,0.00,0.00,"mscorlib.dll",
7,"HtmlAgilityPack.HtmlNode.IsClosedElement(string)",1,0,0.00,0.00,"HtmlAgilityPack.DLL",
8,"System.String.ToLower()",1,1,0.00,0.00,"mscorlib.dll",
7,"System.Collections.Hashtable.get_Item(object)",1,1,0.00,0.00,"mscorlib.dll",
6,"HtmlAgilityPack.HtmlNode.AppendChild(class HtmlAgilityPack.HtmlNode)",5,0,0.02,0.00,"HtmlAgilityPack.DLL",
7,"HtmlAgilityPack.HtmlNode.GetId()",3,0,0.01,0.00,"HtmlAgilityPack.DLL",
8,"HtmlAgilityPack.HtmlAttributeCollection.get_Item(string)",3,0,0.01,0.00,"HtmlAgilityPack.DLL",
9,"System.String.ToLower()",2,2,0.01,0.01,"mscorlib.dll",
9,"System.Collections.Generic.Dictionary`2.ContainsKey(!0)",1,1,0.00,0.00,"mscorlib.dll",
7,"HtmlAgilityPack.HtmlDocument.SetIdForNode(class HtmlAgilityPack.HtmlNode,string)",1,0,0.00,0.00,"HtmlAgilityPack.DLL",
8,"System.String.ToLower()",1,1,0.00,0.00,"mscorlib.dll",
7,"HtmlAgilityPack.HtmlNodeCollection.Append(class HtmlAgilityPack.HtmlNode)",1,0,0.00,0.00,"HtmlAgilityPack.DLL",
8,"System.Collections.Generic.List`1.Add(!0)",1,1,0.00,0.00,"mscorlib.dll",
6,"HtmlAgilityPack.HtmlNode.get_Name()",4,0,0.02,0.00,"HtmlAgilityPack.DLL",
7,"System.String.ToLower()",4,4,0.02,0.02,"mscorlib.dll",
6,"HtmlAgilityPack.HtmlNode.IsEmptyElement(string)",2,0,0.01,0.00,"HtmlAgilityPack.DLL",
7,"System.Collections.Hashtable.get_Item(object)",1,1,0.00,0.00,"mscorlib.dll",
7,"System.String.ToLower()",1,1,0.00,0.00,"mscorlib.dll",
6,"HtmlAgilityPack.HtmlNode.IsClosedElement(string)",1,0,0.00,0.00,"HtmlAgilityPack.DLL",
7,"System.String.ToLower()",1,1,0.00,0.00,"mscorlib.dll",
5,"HtmlAgilityPack.HtmlNode.get_Name()",17,0,0.07,0.00,"HtmlAgilityPack.DLL",
6,"System.String.ToLower()",17,17,0.07,0.07,"mscorlib.dll",
5,"System.String.Compare(string,string,bool)",15,15,0.06,0.06,"mscorlib.dll",
5,"HtmlAgilityPack.HtmlDocument.NewCheck()",8,0,0.03,0.00,"HtmlAgilityPack.DLL",
6,"HtmlAgilityPack.HtmlDocument.PushNodeEnd(int32,bool)",6,1,0.02,0.00,"HtmlAgilityPack.DLL",
7,"HtmlAgilityPack.HtmlNode.AppendChild(class HtmlAgilityPack.HtmlNode)",5,1,0.02,0.00,"HtmlAgilityPack.DLL",
8,"HtmlAgilityPack.HtmlDocument.SetIdForNode(class HtmlAgilityPack.HtmlNode,string)",3,0,0.01,0.00,"HtmlAgilityPack.DLL",
9,"System.Collections.Hashtable.set_Item(object,object)",2,2,0.01,0.01,"mscorlib.dll",
9,"System.String.ToLower()",1,1,0.00,0.00,"mscorlib.dll",
8,"HtmlAgilityPack.HtmlNode.GetId()",1,0,0.00,0.00,"HtmlAgilityPack.DLL",
9,"HtmlAgilityPack.HtmlAttributeCollection.get_Item(string)",1,0,0.00,0.00,"HtmlAgilityPack.DLL",
10,"System.String.ToLower()",1,1,0.00,0.00,"mscorlib.dll",
6,"HtmlAgilityPack.HtmlDocument.PushNodeStart(valuetype HtmlAgilityPack.HtmlNodeType,int32)",2,0,0.01,0.00,"HtmlAgilityPack.DLL",
7,"HtmlAgilityPack.HtmlDocument.CreateNode(valuetype HtmlAgilityPack.HtmlNodeType,int32)",2,1,0.01,0.00,"HtmlAgilityPack.DLL",
8,"HtmlAgilityPack.HtmlNode..ctor(valuetype HtmlAgilityPack.HtmlNodeType,class HtmlAgilityPack.HtmlDocument,int32)",1,0,0.00,0.00,"HtmlAgilityPack.DLL",
9,"System.Collections.Hashtable.Add(object,object)",1,1,0.00,0.00,"mscorlib.dll",
5,"HtmlAgilityPack.HtmlDocument.IncrementPosition()",3,3,0.01,0.01,"HtmlAgilityPack.DLL",
5,"System.String.Concat(string,string)",2,2,0.01,0.01,"mscorlib.dll",
5,"HtmlAgilityPack.HtmlDocument.PushAttributeNameEnd(int32)",2,0,0.01,0.00,"HtmlAgilityPack.DLL",
6,"HtmlAgilityPack.HtmlAttributeCollection.Append(class HtmlAgilityPack.HtmlAttribute)",2,0,0.01,0.00,"HtmlAgilityPack.DLL",
7,"System.Collections.Generic.Dictionary`2.set_Item(!0,!1)",1,1,0.00,0.00,"mscorlib.dll",
7,"HtmlAgilityPack.HtmlAttribute.get_Name()",1,0,0.00,0.00,"HtmlAgilityPack.DLL",
8,"System.String.ToLower()",1,1,0.00,0.00,"mscorlib.dll",
5,"HtmlAgilityPack.HtmlDocument.IsWhiteSpace(int32)",1,1,0.00,0.00,"HtmlAgilityPack.DLL",
5,"HtmlAgilityPack.HtmlDocument.PushAttributeValueStart(int32,int32)",1,0,0.00,0.00,"HtmlAgilityPack.DLL",
6,"HtmlAgilityPack.HtmlAttribute.set_QuoteType(valuetype HtmlAgilityPack.AttributeValueQuote)",1,1,0.00,0.00,"HtmlAgilityPack.DLL",
5,"System.String.Substring(int32,int32)",1,1,0.00,0.00,"mscorlib.dll",
5,"HtmlAgilityPack.HtmlDocument.PushNodeStart(valuetype HtmlAgilityPack.HtmlNodeType,int32)",1,0,0.00,0.00,"HtmlAgilityPack.DLL",
6,"HtmlAgilityPack.HtmlDocument.CreateNode(valuetype HtmlAgilityPack.HtmlNodeType,int32)",1,0,0.00,0.00,"HtmlAgilityPack.DLL",
7,"HtmlAgilityPack.HtmlTextNode..ctor(class HtmlAgilityPack.HtmlDocument,int32)",1,1,0.00,0.00,"HtmlAgilityPack.DLL",
5,"HtmlAgilityPack.HtmlDocument.PushAttributeValueEnd(int32)",1,1,0.00,0.00,"HtmlAgilityPack.DLL",
4,"System.String.Compare(string,string,bool)",1,1,0.00,0.00,"mscorlib.dll",
4,"System.IO.StreamReader.ReadToEnd()",1,1,0.00,0.00,"mscorlib.dll",
2,"HtmlAgilityPack.HtmlNode.SelectNodes(string)",3,0,0.01,0.00,"HtmlAgilityPack.DLL",
3,"MS.Internal.Xml.XPath.XPathSelectionIterator.MoveNext()",3,0,0.01,0.00,"System.Xml.dll",
4,"HtmlAgilityPack.HtmlNodeNavigator.get_LocalName()",2,0,0.01,0.00,"HtmlAgilityPack.DLL",
5,"HtmlAgilityPack.HtmlNode.get_Name()",2,0,0.01,0.00,"HtmlAgilityPack.DLL",
6,"System.String.ToLower()",2,2,0.01,0.01,"mscorlib.dll",
4,"HtmlAgilityPack.HtmlNodeNavigator.MoveToFirstChild()",1,0,0.00,0.00,"HtmlAgilityPack.DLL",
5,"HtmlAgilityPack.HtmlNodeCollection.get_Item(int32)",1,0,0.00,0.00,"HtmlAgilityPack.DLL",
6,"System.Collections.Generic.List`1.get_Item(int32)",1,1,0.00,0.00,"mscorlib.dll",
2,"BingAnswers.Util.MakeWebRequestStream(string)",1,0,0.00,0.00,"BingAnswers.DLL",
3,"System.Net.HttpWebRequest.GetResponse()",1,1,0.00,0.00,"System.dll",
0,"BingAnswers.WikiAnswers.<>c__DisplayClass3.<ParseSearchResult>b__0()",35,0,0.14,0.00,"BingAnswers.DLL",
1,"BingAnswers.WikiAnswers.GetWikiAnswer(class BingAnswers.Answer,class System.Collections.Generic.List`1<class BingAnswers.Answer>)",35,0,0.14,0.00,"BingAnswers.DLL",
2,"HtmlAgilityPack.HtmlDocument.Load(class System.IO.Stream)",32,0,0.13,0.00,"HtmlAgilityPack.DLL",
3,"HtmlAgilityPack.HtmlDocument.Load(class System.IO.TextReader)",32,0,0.13,0.00,"HtmlAgilityPack.DLL",
4,"HtmlAgilityPack.HtmlDocument.Parse()",32,2,0.13,0.01,"HtmlAgilityPack.DLL",
5,"HtmlAgilityPack.HtmlDocument.PushNodeEnd(int32,bool)",14,0,0.06,0.00,"HtmlAgilityPack.DLL",
6,"HtmlAgilityPack.HtmlDocument.CloseCurrentNode()",8,0,0.03,0.00,"HtmlAgilityPack.DLL",
7,"HtmlAgilityPack.HtmlNode.CloseNode(class HtmlAgilityPack.HtmlNode)",4,0,0.02,0.00,"HtmlAgilityPack.DLL",
8,"HtmlAgilityPack.HtmlNode.get_Name()",1,0,0.00,0.00,"HtmlAgilityPack.DLL",
9,"System.String.ToLower()",1,1,0.00,0.00,"mscorlib.dll",
8,"System.Collections.Hashtable.Remove(object)",1,1,0.00,0.00,"mscorlib.dll",
8,"HtmlAgilityPack.HtmlNodeCollection.System.Collections.Generic.IEnumerable<HtmlAgilityPack.HtmlNode>.GetEnumerator()",1,0,0.00,0.00,"HtmlAgilityPack.DLL",
9,"System.Collections.Generic.List`1.GetEnumerator()",1,1,0.00,0.00,"mscorlib.dll",
8,"System.Collections.Hashtable.get_Item(object)",1,1,0.00,0.00,"mscorlib.dll",
7,"HtmlAgilityPack.HtmlNode.get_Name()",2,0,0.01,0.00,"HtmlAgilityPack.DLL",
8,"System.String.ToLower()",2,2,0.01,0.01,"mscorlib.dll",
7,"HtmlAgilityPack.HtmlNode.AppendChild(class HtmlAgilityPack.HtmlNode)",1,0,0.00,0.00,"HtmlAgilityPack.DLL",
8,"HtmlAgilityPack.HtmlNode.GetId()",1,0,0.00,0.00,"HtmlAgilityPack.DLL",
9,"HtmlAgilityPack.HtmlAttributeCollection.get_Item(string)",1,0,0.00,0.00,"HtmlAgilityPack.DLL",
10,"System.String.ToLower()",1,1,0.00,0.00,"mscorlib.dll",
7,"System.Collections.Hashtable.get_Item(object)",1,1,0.00,0.00,"mscorlib.dll",
6,"HtmlAgilityPack.HtmlNode.IsCDataElement(string)",3,0,0.01,0.00,"HtmlAgilityPack.DLL",
7,"System.String.ToLower()",2,2,0.01,0.01,"mscorlib.dll",
7,"System.Collections.Hashtable.get_Item(object)",1,1,0.00,0.00,"mscorlib.dll",
6,"HtmlAgilityPack.HtmlNode.IsEmptyElement(string)",2,0,0.01,0.00,"HtmlAgilityPack.DLL",
7,"System.String.ToLower()",2,2,0.01,0.01,"mscorlib.dll",
6,"HtmlAgilityPack.HtmlNode.get_Name()",1,0,0.00,0.00,"HtmlAgilityPack.DLL",
7,"System.String.Substring(int32,int32)",1,1,0.00,0.00,"mscorlib.dll",
5,"System.String.Compare(string,string,bool)",6,6,0.02,0.02,"mscorlib.dll",
5,"HtmlAgilityPack.HtmlDocument.NewCheck()",4,2,0.02,0.01,"HtmlAgilityPack.DLL",
6,"HtmlAgilityPack.HtmlDocument.PushNodeEnd(int32,bool)",2,0,0.01,0.00,"HtmlAgilityPack.DLL",
7,"HtmlAgilityPack.HtmlNode.AppendChild(class HtmlAgilityPack.HtmlNode)",2,0,0.01,0.00,"HtmlAgilityPack.DLL",
8,"HtmlAgilityPack.HtmlNode.GetId()",1,0,0.00,0.00,"HtmlAgilityPack.DLL",
9,"HtmlAgilityPack.HtmlNode.get_Attributes()",1,0,0.00,0.00,"HtmlAgilityPack.DLL",
10,"_JIT_WriteBarrierEDI@0",1,1,0.00,0.00,"clr.dll",
8,"HtmlAgilityPack.HtmlNode.get_ChildNodes()",1,1,0.00,0.00,"HtmlAgilityPack.DLL",
5,"HtmlAgilityPack.HtmlNode.get_Name()",4,0,0.02,0.00,"HtmlAgilityPack.DLL",
6,"System.String.ToLower()",4,4,0.02,0.02,"mscorlib.dll",
5,"HtmlAgilityPack.HtmlDocument.IncrementPosition()",1,1,0.00,0.00,"HtmlAgilityPack.DLL",
5,"System.String.Concat(string,string)",1,1,0.00,0.00,"mscorlib.dll",
2,"HtmlAgilityPack.HtmlNode.SelectSingleNode(string)",2,0,0.01,0.00,"HtmlAgilityPack.DLL",
3,"MS.Internal.Xml.XPath.XPathSelectionIterator.MoveNext()",2,0,0.01,0.00,"System.Xml.dll",
4,"HtmlAgilityPack.HtmlNodeNavigator.get_LocalName()",2,0,0.01,0.00,"HtmlAgilityPack.DLL",
5,"HtmlAgilityPack.HtmlAttribute.get_Name()",1,0,0.00,0.00,"HtmlAgilityPack.DLL",
6,"System.String.ToLower()",1,1,0.00,0.00,"mscorlib.dll",
5,"HtmlAgilityPack.HtmlNode.get_Name()",1,0,0.00,0.00,"HtmlAgilityPack.DLL",
6,"System.String.ToLower()",1,1,0.00,0.00,"mscorlib.dll",
2,"BingAnswers.Util.MakeWebRequestStream(string)",1,0,0.00,0.00,"BingAnswers.DLL",
3,"System.Net.HttpWebRequest.GetResponse()",1,1,0.00,0.00,"System.dll",
0,"BingAnswers.ehow.<>c__DisplayClass4.<ParseSearchResult>b__0()",32,0,0.13,0.00,"BingAnswers.DLL",
1,"BingAnswers.ehow.GetEhowAnswer(class BingAnswers.Answer,class System.Collections.Generic.List`1<class BingAnswers.Answer>)",32,0,0.13,0.00,"BingAnswers.DLL",
2,"HtmlAgilityPack.HtmlDocument.Load(class System.IO.Stream)",30,0,0.12,0.00,"HtmlAgilityPack.DLL",
3,"HtmlAgilityPack.HtmlDocument.Load(class System.IO.TextReader)",30,0,0.12,0.00,"HtmlAgilityPack.DLL",
4,"HtmlAgilityPack.HtmlDocument.Parse()",29,2,0.12,0.01,"HtmlAgilityPack.DLL",
5,"HtmlAgilityPack.HtmlDocument.PushNodeEnd(int32,bool)",10,0,0.04,0.00,"HtmlAgilityPack.DLL",
6,"HtmlAgilityPack.HtmlDocument.CloseCurrentNode()",4,0,0.02,0.00,"HtmlAgilityPack.DLL",
7,"HtmlAgilityPack.HtmlNode.CloseNode(class HtmlAgilityPack.HtmlNode)",2,0,0.01,0.00,"HtmlAgilityPack.DLL",
8,"System.Collections.Hashtable.Remove(object)",1,1,0.00,0.00,"mscorlib.dll",
8,"HtmlAgilityPack.HtmlNode.get_Name()",1,0,0.00,0.00,"HtmlAgilityPack.DLL",
9,"System.String.ToLower()",1,1,0.00,0.00,"mscorlib.dll",
7,"HtmlAgilityPack.HtmlNode.get_Name()",2,0,0.01,0.00,"HtmlAgilityPack.DLL",
8,"System.String.ToLower()",2,2,0.01,0.01,"mscorlib.dll",
6,"HtmlAgilityPack.HtmlNode.AppendChild(class HtmlAgilityPack.HtmlNode)",3,0,0.01,0.00,"HtmlAgilityPack.DLL",
7,"HtmlAgilityPack.HtmlDocument.SetIdForNode(class HtmlAgilityPack.HtmlNode,string)",1,0,0.00,0.00,"HtmlAgilityPack.DLL",
8,"System.Collections.Hashtable.set_Item(object,object)",1,1,0.00,0.00,"mscorlib.dll",
7,"HtmlAgilityPack.HtmlNodeCollection.Append(class HtmlAgilityPack.HtmlNode)",1,0,0.00,0.00,"HtmlAgilityPack.DLL",
8,"_JIT_WriteBarrierEBX@0",1,1,0.00,0.00,"clr.dll",
7,"HtmlAgilityPack.HtmlNode.GetId()",1,0,0.00,0.00,"HtmlAgilityPack.DLL",
8,"HtmlAgilityPack.HtmlAttributeCollection.get_Item(string)",1,0,0.00,0.00,"HtmlAgilityPack.DLL",
9,"System.String.ToLower()",1,1,0.00,0.00,"mscorlib.dll",
6,"HtmlAgilityPack.HtmlNode.get_Name()",2,0,0.01,0.00,"HtmlAgilityPack.DLL",
7,"System.String.ToLower()",2,2,0.01,0.01,"mscorlib.dll",
6,"HtmlAgilityPack.HtmlNode.IsEmptyElement(string)",1,0,0.00,0.00,"HtmlAgilityPack.DLL",
7,"System.String.ToLower()",1,1,0.00,0.00,"mscorlib.dll",
5,"System.String.Compare(string,string,bool)",7,7,0.03,0.03,"mscorlib.dll",
5,"System.String.Concat(string,string)",5,5,0.02,0.02,"mscorlib.dll",
5,"HtmlAgilityPack.HtmlNode.get_Name()",4,0,0.02,0.00,"HtmlAgilityPack.DLL",
6,"System.String.ToLower()",4,4,0.02,0.02,"mscorlib.dll",
5,"System.String.Substring(int32,int32)",1,1,0.00,0.00,"mscorlib.dll",
4,"System.IO.StreamReader.ReadToEnd()",1,1,0.00,0.00,"mscorlib.dll",
2,"HtmlAgilityPack.HtmlNode.SelectNodes(string)",1,0,0.00,0.00,"HtmlAgilityPack.DLL",
3,"MS.Internal.Xml.XPath.XPathSelectionIterator.MoveNext()",1,0,0.00,0.00,"System.Xml.dll",
4,"HtmlAgilityPack.HtmlNodeNavigator.get_NodeType()",1,1,0.00,0.00,"HtmlAgilityPack.DLL",
2,"HtmlAgilityPack.HtmlNode.SelectSingleNode(string)",1,0,0.00,0.00,"HtmlAgilityPack.DLL",
3,"MS.Internal.Xml.XPath.XPathSelectionIterator.MoveNext()",1,0,0.00,0.00,"System.Xml.dll",
4,"HtmlAgilityPack.HtmlNodeNavigator.get_LocalName()",1,0,0.00,0.00,"HtmlAgilityPack.DLL",
5,"HtmlAgilityPack.HtmlNode.get_Name()",1,0,0.00,0.00,"HtmlAgilityPack.DLL",
6,"System.String.ToLower()",1,1,0.00,0.00,"mscorlib.dll",
0,"BingAnswers.Quora.ParseSearchResult(class System.IO.Stream,string)",28,0,0.11,0.00,"BingAnswers.DLL",
1,"System.Threading.Thread.get_IsAlive()",27,27,0.11,0.11,"mscorlib.dll",
1,"System.Collections.Generic.List`1.Add(!0)",1,1,0.00,0.00,"mscorlib.dll",
0,"BingAnswers.Answers.Page_Load(object,class System.EventArgs)",26,0,0.10,0.00,"BingAnswers.DLL",
1,"System.Threading.Thread.get_IsAlive()",26,26,0.10,0.10,"mscorlib.dll",
0,"BingAnswers.MSDNForum.<>c__DisplayClass4.<ParseResponse>b__0()",9,0,0.04,0.00,"BingAnswers.DLL",
1,"BingAnswers.MSDNForum.FetchAnswer(string,class System.Collections.Generic.List`1<class BingAnswers.Answer>)",9,0,0.04,0.00,"BingAnswers.DLL",
2,"BingAnswers.MSDNForum.ParseAnswer(string)",9,0,0.04,0.00,"BingAnswers.DLL",
3,"System.Xml.XmlDocument.LoadXml(string)",8,8,0.03,0.03,"System.Xml.dll",
3,"System.Xml.XmlNode.get_FirstChild()",1,1,0.00,0.00,"System.Xml.dll",
0,"BingAnswers.Answers.<>c__DisplayClassd.<Page_Load>b__1()",9,0,0.04,0.00,"BingAnswers.DLL",
1,"BingAnswers.Answers.GetSource(class BingAnswers.Answer,string)",9,0,0.04,0.00,"BingAnswers.DLL",
2,"BingAnswers.YahooAnswers.GetAnswer(string)",9,0,0.04,0.00,"BingAnswers.DLL",
3,"BingAnswers.YahooAnswers.sendQuestionSearchRequest(string)",7,0,0.03,0.00,"BingAnswers.DLL",
4,"BingAnswers.YahooAnswers.sendRequest(string)",7,0,0.03,0.00,"BingAnswers.DLL",
5,"BingAnswers.Util.MakeWebRequestStream(string)",7,0,0.03,0.00,"BingAnswers.DLL",
6,"System.Net.WebRequest.Create(string)",4,4,0.02,0.02,"System.dll",
6,"System.Net.HttpWebRequest.GetResponse()",3,3,0.01,0.01,"System.dll",
3,"BingAnswers.YahooAnswers.ParseQuestionResponse(class System.IO.Stream)",2,0,0.01,0.00,"BingAnswers.DLL",
4,"System.Xml.XmlReader.ReadToFollowing(string)",1,1,0.00,0.00,"System.Xml.dll",
4,"BingAnswers.Ranker.GetFeatures(class BingAnswers.Answer)",1,0,0.00,0.00,"BingAnswers.DLL",
5,"BingAnswers.Util.CosineDistance(string[],string[])",1,0,0.00,0.00,"BingAnswers.DLL",
6,"System.Collections.Generic.Dictionary`2.get_Item(!0)",1,1,0.00,0.00,"mscorlib.dll",
0,"BingAnswers.Answers.<>c__DisplayClassd.<Page_Load>b__4()",9,0,0.04,0.00,"BingAnswers.DLL",
1,"BingAnswers.Answers.GetSource(class BingAnswers.Answer,string)",9,0,0.04,0.00,"BingAnswers.DLL",
2,"BingAnswers.TrueKnowledge.GetAnswer(string)",9,0,0.04,0.00,"BingAnswers.DLL",
3,"BingAnswers.TrueKnowledge.SendRequest(string)",9,0,0.04,0.00,"BingAnswers.DLL",
4,"BingAnswers.Util.MakeWebRequest(string)",9,0,0.04,0.00,"BingAnswers.DLL",
5,"System.Net.WebRequest.Create(string)",5,5,0.02,0.02,"System.dll",
5,"System.Net.HttpWebRequest.GetResponse()",3,3,0.01,0.01,"System.dll",
5,"System.Net.WebHeaderCollection.Add(string,string)",1,1,0.00,0.00,"System.dll",
0,"__ASP.FastObjectFactory_app_web_h4prl0my.Create_ASP_answers_aspx()",9,0,0.04,0.00,"App_Web_h4prl0my.dll",
1,"ASP.answers_aspx..ctor()",9,0,0.04,0.00,"App_Web_h4prl0my.dll",
2,"BingAnswers.Answers..ctor()",9,0,0.04,0.00,"BingAnswers.DLL",
3,"NLog.LogManager.GetLogger(string)",9,0,0.04,0.00,"NLog.DLL",
4,"NLog.LogFactory.GetLogger(string)",9,0,0.04,0.00,"NLog.DLL",
5,"NLog.LogFactory.GetLogger(class NLog.LogFactory/LoggerCacheKey)",9,0,0.04,0.00,"NLog.DLL",
6,"NLog.LogFactory.get_Configuration()",9,0,0.04,0.00,"NLog.DLL",
7,"NLog.Config.XmlLoggingConfiguration..ctor(string)",9,0,0.04,0.00,"NLog.DLL",
8,"_PreStubWorker@4",6,0,0.02,0.00,"clr.dll",
9,"NLog.Config.ConfigurationItemFactory..cctor()",6,0,0.02,0.00,"NLog.DLL",
10,"NLog.Config.ConfigurationItemFactory.BuildDefaultFactory()",6,0,0.02,0.00,"NLog.DLL",
11,"NLog.Config.ConfigurationItemFactory..ctor(class System.Reflection.Assembly[])",6,0,0.02,0.00,"NLog.DLL",
12,"NLog.Config.ConfigurationItemFactory.RegisterItemsFromAssembly(class System.Reflection.Assembly)",6,0,0.02,0.00,"NLog.DLL",
13,"NLog.Config.ConfigurationItemFactory.RegisterItemsFromAssembly(class System.Reflection.Assembly,string)",6,0,0.02,0.00,"NLog.DLL",
14,"NLog.Config.Factory`2.ScanAssembly(class System.Reflection.Assembly,string)",6,0,0.02,0.00,"NLog.DLL",
15,"NLog.Internal.ReflectionHelpers.SafeGetTypes(class System.Reflection.Assembly)",4,0,0.02,0.00,"NLog.DLL",
16,"System.Reflection.Assembly.GetTypes()",4,4,0.02,0.02,"mscorlib.dll",
15,"NLog.Config.Factory`2.RegisterType(class System.Type,string)",2,0,0.01,0.00,"NLog.DLL",
16,"System.RuntimeType.GetCustomAttributes(class System.Type,bool)",2,2,0.01,0.01,"mscorlib.dll",
8,"NLog.Config.XmlLoggingConfiguration.Initialize(class System.Xml.XmlReader,string,bool)",2,0,0.01,0.00,"NLog.DLL",
9,"NLog.Config.XmlLoggingConfiguration.ParseTopLevel(class NLog.Config.NLogXmlElement,string)",2,0,0.01,0.00,"NLog.DLL",
10,"NLog.Config.XmlLoggingConfiguration.ParseNLogElement(class NLog.Config.NLogXmlElement,string)",2,0,0.01,0.00,"NLog.DLL",
11,"NLog.Config.XmlLoggingConfiguration.ParseTargetsElement(class NLog.Config.NLogXmlElement)",2,0,0.01,0.00,"NLog.DLL",
12,"NLog.Config.XmlLoggingConfiguration.ParseTargetElement(class NLog.Targets.Target,class NLog.Config.NLogXmlElement)",2,0,0.01,0.00,"NLog.DLL",
13,"NLog.Config.XmlLoggingConfiguration.ParseTargetElement(class NLog.Targets.Target,class NLog.Config.NLogXmlElement)",1,0,0.00,0.00,"NLog.DLL",
14,"NLog.Config.XmlLoggingConfiguration.ConfigureObjectFromAttributes(object,class NLog.Config.NLogXmlElement,bool)",1,0,0.00,0.00,"NLog.DLL",
15,"NLog.Internal.PropertyHelper.SetPropertyFromString(object,string,string,class NLog.Config.ConfigurationItemFactory)",1,0,0.00,0.00,"NLog.DLL",
16,"NLog.Internal.PropertyHelper.TryGetPropertyInfo(object,string,class System.Reflection.PropertyInfo&)",1,0,0.00,0.00,"NLog.DLL",
17,"System.Type.GetProperty(string,valuetype System.Reflection.BindingFlags)",1,1,0.00,0.00,"mscorlib.dll",
13,"NLog.Config.Factory`2.CreateInstance(string)",1,0,0.00,0.00,"NLog.DLL",
14,"NLog.Config.Factory`2.TryCreateInstance(string,!0&)",1,0,0.00,0.00,"NLog.DLL",
15,"NLog.Internal.FactoryHelper.CreateInstance(class System.Type)",1,0,0.00,0.00,"NLog.DLL",
16,"System.Reflection.ConstructorInfo.Invoke(object[])",1,0,0.00,0.00,"mscorlib.dll",
17,"NLog.Targets.FileTarget..ctor()",1,0,0.00,0.00,"NLog.DLL",
18,"NLog.Targets.TargetWithLayoutHeaderAndFooter..ctor()",1,0,0.00,0.00,"NLog.DLL",
19,"NLog.Targets.TargetWithLayout..ctor()",1,0,0.00,0.00,"NLog.DLL",
20,"NLog.Layouts.Layout.op_Implicit(string)",1,0,0.00,0.00,"NLog.DLL",
21,"NLog.Layouts.Layout.FromString(string)",1,0,0.00,0.00,"NLog.DLL",
22,"NLog.Layouts.Layout.FromString(string,class NLog.Config.ConfigurationItemFactory)",1,0,0.00,0.00,"NLog.DLL",
23,"NLog.Layouts.SimpleLayout..ctor(string,class NLog.Config.ConfigurationItemFactory)",1,0,0.00,0.00,"NLog.DLL",
24,"NLog.Layouts.SimpleLayout.set_Text(string)",1,0,0.00,0.00,"NLog.DLL",
25,"NLog.Layouts.LayoutParser.CompileLayout(class NLog.Config.ConfigurationItemFactory,class NLog.Internal.SimpleStringReader,bool,string&)",1,0,0.00,0.00,"NLog.DLL",
26,"NLog.Layouts.LayoutParser.ParseLayoutRenderer(class NLog.Config.ConfigurationItemFactory,class NLog.Internal.SimpleStringReader)",1,0,0.00,0.00,"NLog.DLL",
27,"NLog.Internal.PropertyHelper.TryGetPropertyInfo(object,string,class System.Reflection.PropertyInfo&)",1,0,0.00,0.00,"NLog.DLL",
28,"System.Type.GetProperty(string,valuetype System.Reflection.BindingFlags)",1,1,0.00,0.00,"mscorlib.dll",
8,"System.Xml.XmlReader.Create(string)",1,1,0.00,0.00,"System.Xml.dll",
0,"ASP.default_aspx.ProcessRequest(class System.Web.HttpContext)",9,0,0.04,0.00,"App_Web_h4prl0my.dll",
1,"System.Web.UI.Page.ProcessRequest(class System.Web.HttpContext)",9,7,0.04,0.03,"System.Web.dll",
2,"BingAnswers._Default.Page_Load(object,class System.EventArgs)",2,0,0.01,0.00,"BingAnswers.DLL",
3,"System.Web.HttpServerVarsCollection.GetValues(string)",2,2,0.01,0.01,"System.Web.dll",
0,"BingAnswers.Answers.<>c__DisplayClassd.<Page_Load>b__3()",7,0,0.03,0.00,"BingAnswers.DLL",
1,"BingAnswers.Answers.GetSource(class BingAnswers.Answer,string)",7,0,0.03,0.00,"BingAnswers.DLL",
2,"BingAnswers.WolframeAlpha.GetAnswer(string)",7,0,0.03,0.00,"BingAnswers.DLL",
3,"BingAnswers.WolframeAlpha.SendRequest(string)",7,0,0.03,0.00,"BingAnswers.DLL",
4,"BingAnswers.Util.MakeWebRequest(string)",7,0,0.03,0.00,"BingAnswers.DLL",
5,"System.Net.WebRequest.Create(string)",4,4,0.02,0.02,"System.dll",
5,"System.Net.HttpWebRequest.GetResponse()",2,2,0.01,0.01,"System.dll",
5,"System.Net.WebHeaderCollection.Add(string,string)",1,1,0.00,0.00,"System.dll",
0,"NLog.Targets.Wrappers.AsyncTargetWrapper.ProcessPendingEvents(object)",7,0,0.03,0.00,"NLog.DLL",
1,"NLog.Targets.Target.WriteAsyncLogEvents(valuetype NLog.Common.AsyncLogEventInfo[])",6,0,0.02,0.00,"NLog.DLL",
2,"NLog.Targets.FileTarget.Write(valuetype NLog.Common.AsyncLogEventInfo[])",5,1,0.02,0.00,"NLog.DLL",
3,"System.IO.Stream.Dispose()",2,2,0.01,0.01,"mscorlib.dll",
3,"NLog.Internal.SortHelpers.BucketSort(class System.Collections.Generic.IEnumerable`1<!!0>,class NLog.Internal.SortHelpers/KeySelector`2<!!0,!!1>)",1,0,0.00,0.00,"NLog.DLL",
4,"System.Collections.Generic.Dictionary`2..ctor()",1,1,0.00,0.00,"mscorlib.dll",
3,"System.Collections.Generic.Dictionary`2.GetEnumerator()",1,1,0.00,0.00,"mscorlib.dll",
2,"JIT_GetGenericsGCStaticBase(class MethodTable *)",1,1,0.00,0.00,"clr.dll",
1,"NLog.Targets.Wrappers.AsyncTargetWrapper.StartLazyWriterTimer()",1,0,0.00,0.00,"NLog.DLL",
2,"System.Threading.Timer.Change(int32,int32)",1,1,0.00,0.00,"mscorlib.dll",
0,"BingAnswers.MSDNForum.ParseResponse(string)",3,0,0.01,0.00,"BingAnswers.DLL",
1,"System.Threading.Thread.get_IsAlive()",3,3,0.01,0.01,"mscorlib.dll",
0,"BingAnswers.WikiHow.ParseSearchResult(class System.IO.Stream,string)",3,0,0.01,0.00,"BingAnswers.DLL",
1,"System.Threading.Thread.get_IsAlive()",3,3,0.01,0.01,"mscorlib.dll",
0,"HtmlAgilityPack.HtmlDocument.PushNodeStart(valuetype HtmlAgilityPack.HtmlNodeType,int32)",2,2,0.01,0.01,"HtmlAgilityPack.DLL",
0,"BingAnswers.StackOverflow.<>c__DisplayClass3.<ParseResponse>b__0()",1,0,0.00,0.00,"BingAnswers.DLL",
1,"BingAnswers.StackOverflow.FetchAnswer(string,class System.Collections.Generic.List`1<class BingAnswers.Answer>)",1,0,0.00,0.00,"BingAnswers.DLL",
2,"BingAnswers.Util.MakeWebRequest(string)",1,0,0.00,0.00,"BingAnswers.DLL",
3,"System.Net.WebRequest.Create(string)",1,1,0.00,0.00,"System.dll",
0,"BingAnswers.WikiAnswers.ParseSearchResult(class System.IO.Stream,string)",1,0,0.00,0.00,"BingAnswers.DLL",
1,"System.Threading.Thread.get_IsAlive()",1,1,0.00,0.00,"mscorlib.dll",
0,"NLog.Internal.SortHelpers.BucketSort(class System.Collections.Generic.IEnumerable`1<!!0>,class NLog.Internal.SortHelpers/KeySelector`2<!!0,!!1>)",1,1,0.00,0.00,"NLog.DLL",
0,"HtmlAgilityPack.HtmlNodeCollection.Append(class HtmlAgilityPack.HtmlNode)",1,0,0.00,0.00,"HtmlAgilityPack.DLL",
1,"System.Collections.Generic.List`1.Add(!0)",1,1,0.00,0.00,"mscorlib.dll",
